,Fill Level,thumbnail
0,1.0,images/139251336.png
1,1.0,images/139251337.png
2,1.0,images/139251338.png
3,1.0,images/139251339.png
4,1.0,images/139251340.png
5,1.0,images/139251341.png
6,1.0,images/139251342.png
7,1.0,images/139251343.png
8,1.0,images/139251344.png
9,1.0,images/139251345.png
12,0.5,images/139251348.png
13,1.0,images/139251349.png
14,1.0,images/139251350.png
15,0.75,images/139251351.png
16,0.75,images/139251352.png
17,0.5,images/139251353.png
18,0.75,images/139251354.png
19,1.0,images/139251355.png
20,0.25,images/139251356.png
22,1.0,images/139251358.png
23,1.0,images/139251359.png
24,1.0,images/139251360.png
25,1.0,images/139251361.png
26,1.0,images/139251362.png
27,1.0,images/139251363.png
28,1.0,images/139251364.png
29,1.0,images/139251365.png
30,1.0,images/139251366.png
31,1.0,images/139251367.png
38,1.0,images/139251374.png
39,1.0,images/139251375.png
40,0.75,images/139251376.png
41,1.0,images/139251377.png
42,1.0,images/139251378.png
43,0.75,images/139251379.png
44,1.0,images/139251380.png
45,1.0,images/139251381.png
46,1.0,images/139251382.png
47,0.25,images/139251383.png
48,1.0,images/139251384.png
49,1.0,images/139251385.png
50,0.25,images/139251386.png
51,0.25,images/139251387.png
52,1.0,images/139251388.png
53,0.25,images/139251389.png
54,0.25,images/139251390.png
56,0.5,images/139251392.png
57,1.0,images/139251393.png
59,0.75,images/139251395.png
60,1.0,images/139251396.png
61,1.0,images/139251397.png
62,1.0,images/139251398.png
63,1.0,images/139251399.png
64,1.0,images/139251400.png
65,1.0,images/139251401.png
66,1.0,images/139251402.png
67,1.0,images/139251403.png
68,1.0,images/139251404.png
69,1.0,images/139251405.png
70,1.0,images/139251406.png
71,0.5,images/139251407.png
72,0.25,images/139251408.png
76,1.0,images/139251412.png
77,0.75,images/139251413.png
78,1.0,images/139251414.png
79,1.0,images/139251415.png
80,1.0,images/139251416.png
81,0.75,images/139251417.png
82,0.75,images/139251418.png
83,1.0,images/139251419.png
84,1.0,images/139251420.png
85,1.0,images/139251421.png
86,0.75,images/139251422.png
87,0.5,images/139251423.png
88,0.25,images/139251424.png
89,0.5,images/139251425.png
91,1.0,images/139251427.png
92,1.0,images/139251428.png
93,0.75,images/139251429.png
94,1.0,images/139251430.png
95,0.75,images/139251431.png
96,1.0,images/139251432.png
97,1.0,images/139251433.png
98,1.0,images/139251434.png
99,1.0,images/139251435.png
100,1.0,images/139251436.png
101,1.0,images/139251437.png
102,1.0,images/139251438.png
103,1.0,images/139251439.png
104,1.0,images/139251440.png
105,0.75,images/139251441.png
106,1.0,images/139251442.png
107,1.0,images/139251443.png
108,1.0,images/139251444.png
109,1.0,images/139251445.png
110,1.0,images/139251446.png
111,1.0,images/139251447.png
112,0.5,images/139251448.png
116,1.0,images/139251452.png
117,1.0,images/139251453.png
118,0.75,images/139251454.png
119,1.0,images/139251455.png
120,1.0,images/139251456.png
121,0.5,images/139251457.png
122,1.0,images/139251458.png
123,1.0,images/139251459.png
124,0.5,images/139251460.png
125,1.0,images/139251461.png
126,1.0,images/139251462.png
127,0.5,images/139251463.png
128,0.5,images/139251464.png
129,0.25,images/139251465.png
130,0.25,images/139251466.png
134,0.25,images/139251470.png
135,0.25,images/139251471.png
136,0.25,images/139251472.png
137,1.0,images/139251473.png
138,1.0,images/139251474.png
139,1.0,images/139251475.png
140,1.0,images/139251476.png
141,1.0,images/139251477.png
142,1.0,images/139251478.png
143,1.0,images/139251479.png
144,1.0,images/139251480.png
145,1.0,images/139251481.png
146,1.0,images/139251482.png
147,1.0,images/139251483.png
148,1.0,images/139251484.png
149,1.0,images/139251485.png
150,1.0,images/139251486.png
151,1.0,images/139251487.png
152,1.0,images/139251488.png
153,1.0,images/139251489.png
154,1.0,images/139251490.png
155,1.0,images/139251491.png
156,1.0,images/139251492.png
157,1.0,images/139251493.png
158,1.0,images/139251494.png
159,1.0,images/139251495.png
160,0.5,images/139251496.png
164,0.75,images/139251503.png
165,0.75,images/139251504.png
166,1.0,images/139251505.png
167,1.0,images/139251506.png
168,0.75,images/139251507.png
169,1.0,images/139251508.png
170,1.0,images/139251509.png
171,1.0,images/139251510.png
172,1.0,images/139251511.png
173,0.25,images/139251512.png
175,1.0,images/139251514.png
176,1.0,images/139251515.png
177,1.0,images/139251516.png
178,1.0,images/139251517.png
179,1.0,images/139251518.png
180,1.0,images/139251519.png
181,0.75,images/139251520.png
182,0.25,images/139251521.png
184,1.0,images/139251523.png
185,1.0,images/139251524.png
186,1.0,images/139251525.png
187,1.0,images/139251526.png
188,1.0,images/139251527.png
189,0.25,images/139251528.png
190,1.0,images/139251529.png
191,1.0,images/139251530.png
192,1.0,images/139251531.png
193,1.0,images/139251532.png
194,0.25,images/139251533.png
195,1.0,images/139251534.png
196,1.0,images/139251535.png
197,1.0,images/139251536.png
198,1.0,images/139251537.png
201,1.0,images/139251540.png
202,1.0,images/139251541.png
203,1.0,images/139251542.png
204,0.75,images/139251543.png
205,1.0,images/139251544.png
206,1.0,images/139251545.png
207,1.0,images/139251546.png
208,1.0,images/139251547.png
209,1.0,images/139251548.png
210,1.0,images/139251549.png
212,1.0,images/139251551.png
213,1.0,images/139251552.png
214,1.0,images/139251553.png
215,1.0,images/139251554.png
216,1.0,images/139251555.png
217,1.0,images/139251556.png
218,0.75,images/139251557.png
219,1.0,images/139251558.png
220,0.25,images/139251559.png
221,1.0,images/139251560.png
222,1.0,images/139251561.png
223,1.0,images/139251562.png
224,1.0,images/139251563.png
225,0.75,images/139251564.png
226,0.5,images/139251565.png
227,0.25,images/139251566.png
228,1.0,images/139251567.png
229,1.0,images/139251568.png
230,1.0,images/139251569.png
231,1.0,images/139251570.png
232,1.0,images/139251571.png
233,1.0,images/139251572.png
234,1.0,images/139251573.png
235,1.0,images/139251574.png
236,1.0,images/139251575.png
237,1.0,images/139251576.png
238,1.0,images/139251577.png
239,1.0,images/139251578.png
240,1.0,images/139251579.png
241,1.0,images/139251580.png
242,1.0,images/139251581.png
243,1.0,images/139251582.png
244,0.5,images/139251583.png
247,1.0,images/139251586.png
248,1.0,images/139251587.png
249,1.0,images/139251588.png
250,1.0,images/139251589.png
251,1.0,images/139251590.png
252,1.0,images/139251591.png
253,0.25,images/139251592.png
254,1.0,images/139251593.png
255,1.0,images/139251594.png
256,0.75,images/139251595.png
257,1.0,images/139251596.png
258,1.0,images/139251597.png
259,1.0,images/139251598.png
260,1.0,images/139251599.png
261,1.0,images/139251600.png
262,1.0,images/139251601.png
263,1.0,images/139251602.png
264,1.0,images/139251603.png
265,1.0,images/139251604.png
266,1.0,images/139251605.png
267,1.0,images/139251606.png
268,1.0,images/139251607.png
269,0.5,images/139251608.png
270,1.0,images/139251609.png
271,1.0,images/139251610.png
272,1.0,images/139251611.png
273,0.25,images/139251612.png
274,1.0,images/139251613.png
275,1.0,images/139251614.png
276,1.0,images/139251615.png
277,1.0,images/139251616.png
278,1.0,images/139251617.png
279,1.0,images/139251618.png
280,1.0,images/139251619.png
281,1.0,images/139251620.png
282,1.0,images/139251621.png
283,1.0,images/139251622.png
284,1.0,images/139251623.png
287,1.0,images/139251626.png
288,1.0,images/139251627.png
289,1.0,images/139251628.png
290,1.0,images/139251629.png
291,1.0,images/139251630.png
292,1.0,images/139251631.png
293,1.0,images/139251632.png
294,1.0,images/139251633.png
295,0.5,images/139251634.png
296,0.25,images/139251635.png
297,0.25,images/139251636.png
299,1.0,images/139251638.png
300,1.0,images/139251639.png
301,1.0,images/139251640.png
302,1.0,images/139251641.png
303,1.0,images/139251642.png
304,1.0,images/139251643.png
305,0.5,images/139251644.png
306,1.0,images/139251645.png
307,1.0,images/139251646.png
308,1.0,images/139251647.png
309,1.0,images/139251648.png
310,1.0,images/139251649.png
311,1.0,images/139251650.png
312,0.75,images/139251651.png
315,1.0,images/139251654.png
316,1.0,images/139251655.png
317,1.0,images/139251656.png
318,0.75,images/139251657.png
319,0.75,images/139251658.png
320,1.0,images/139251659.png
321,1.0,images/139251660.png
322,1.0,images/139251661.png
323,1.0,images/139251662.png
324,1.0,images/139251663.png
325,1.0,images/139251664.png
326,1.0,images/139251665.png
327,1.0,images/139251666.png
328,1.0,images/139251667.png
329,0.75,images/139251668.png
330,1.0,images/139251669.png
331,0.25,images/139251670.png
332,1.0,images/139251671.png
333,1.0,images/139251672.png
334,1.0,images/139251673.png
335,1.0,images/139251674.png
336,1.0,images/139251675.png
337,1.0,images/139251676.png
338,1.0,images/139251677.png
339,1.0,images/139251678.png
340,1.0,images/139251679.png
341,1.0,images/139251680.png
342,1.0,images/139251681.png
343,1.0,images/139251682.png
345,1.0,images/139251684.png
346,1.0,images/139251685.png
347,1.0,images/139251686.png
348,1.0,images/139251687.png
349,1.0,images/139251688.png
350,1.0,images/139251689.png
351,1.0,images/139251690.png
352,1.0,images/139251691.png
353,1.0,images/139251692.png
354,1.0,images/139251693.png
355,1.0,images/139251694.png
356,1.0,images/139251695.png
357,1.0,images/139251696.png
358,1.0,images/139251697.png
360,1.0,images/139251699.png
361,1.0,images/139251700.png
362,1.0,images/139251701.png
363,0.5,images/139251702.png
365,1.0,images/139251704.png
366,1.0,images/139251705.png
367,1.0,images/139251706.png
368,1.0,images/139251707.png
369,1.0,images/139251708.png
370,0.25,images/139251709.png
371,0.25,images/139251710.png
372,0.5,images/139251711.png
373,0.25,images/139251712.png
374,0.25,images/139251713.png
375,1.0,images/139251714.png
376,1.0,images/139251715.png
377,0.5,images/139251716.png
378,0.5,images/139251717.png
380,1.0,images/139251719.png
381,0.75,images/139251720.png
382,1.0,images/139251721.png
383,1.0,images/139251722.png
384,1.0,images/139251723.png
385,1.0,images/139251724.png
386,1.0,images/139251725.png
387,1.0,images/139251726.png
388,1.0,images/139251727.png
389,1.0,images/139251728.png
390,1.0,images/139251729.png
391,1.0,images/139251730.png
392,1.0,images/139251731.png
393,1.0,images/139251732.png
394,1.0,images/139251733.png
395,1.0,images/139251734.png
396,1.0,images/139251735.png
397,0.25,images/139251736.png
398,0.25,images/139251737.png
399,0.25,images/139251738.png
400,1.0,images/139251739.png
401,1.0,images/139251740.png
402,1.0,images/139251741.png
403,1.0,images/139251742.png
404,1.0,images/139251743.png
405,1.0,images/139251744.png
406,1.0,images/139251745.png
407,1.0,images/139251746.png
408,1.0,images/139251747.png
409,1.0,images/139251748.png
410,1.0,images/139251749.png
411,1.0,images/139251750.png
412,1.0,images/139251751.png
413,1.0,images/139251752.png
414,1.0,images/139251753.png
415,1.0,images/139251754.png
416,1.0,images/139251755.png
417,1.0,images/139251756.png
418,1.0,images/139251757.png
419,1.0,images/139251758.png
420,1.0,images/139251759.png
421,1.0,images/139251760.png
422,1.0,images/139251761.png
423,1.0,images/139251762.png
424,1.0,images/139251763.png
425,1.0,images/139251764.png
426,1.0,images/139251765.png
427,1.0,images/139251766.png
428,1.0,images/139251767.png
429,1.0,images/139251768.png
430,1.0,images/139251769.png
431,1.0,images/139251770.png
432,1.0,images/139251771.png
433,1.0,images/139251772.png
434,1.0,images/139251773.png
435,1.0,images/139251774.png
436,1.0,images/139251775.png
437,1.0,images/139251776.png
438,1.0,images/139251777.png
439,1.0,images/139251778.png
440,1.0,images/139251779.png
441,1.0,images/139251780.png
442,1.0,images/139251781.png
443,1.0,images/139251782.png
444,1.0,images/139251783.png
445,1.0,images/139251784.png
446,1.0,images/139251785.png
447,1.0,images/139251786.png
448,1.0,images/139251787.png
449,1.0,images/139251788.png
450,1.0,images/139251789.png
451,1.0,images/139251790.png
452,1.0,images/139251791.png
453,1.0,images/139251792.png
454,1.0,images/139251793.png
455,1.0,images/139251794.png
456,1.0,images/139251795.png
457,1.0,images/139251796.png
458,1.0,images/139251797.png
459,1.0,images/139251798.png
460,0.5,images/139251799.png
461,1.0,images/139251800.png
462,1.0,images/139251801.png
463,1.0,images/139251802.png
464,1.0,images/139251803.png
465,1.0,images/139251804.png
466,1.0,images/139251805.png
467,1.0,images/139251806.png
468,1.0,images/139251807.png
469,1.0,images/139251808.png
470,1.0,images/139251809.png
471,1.0,images/139251810.png
472,0.25,images/139251811.png
473,0.5,images/139251812.png
474,0.5,images/139251813.png
475,0.75,images/139251814.png
476,1.0,images/139251815.png
477,0.5,images/139251816.png
478,0.25,images/139251817.png
479,0.25,images/139251818.png
480,1.0,images/139251819.png
481,1.0,images/139251820.png
482,1.0,images/139251821.png
483,1.0,images/139251822.png
484,1.0,images/139251823.png
485,1.0,images/139251824.png
486,1.0,images/139251825.png
487,1.0,images/139251826.png
488,1.0,images/139251827.png
489,1.0,images/139251828.png
490,1.0,images/139251829.png
491,1.0,images/139251830.png
492,1.0,images/139251831.png
493,1.0,images/139251832.png
494,1.0,images/139251833.png
495,1.0,images/139251834.png
496,1.0,images/139251835.png
497,1.0,images/139251836.png
498,1.0,images/139251837.png
499,1.0,images/139251838.png
500,1.0,images/139251839.png
501,1.0,images/139251840.png
502,1.0,images/139251841.png
503,1.0,images/139251842.png
504,1.0,images/139251843.png
505,1.0,images/139251844.png
506,1.0,images/139251845.png
507,1.0,images/139251846.png
508,1.0,images/139251847.png
509,0.25,images/139251848.png
510,0.25,images/139251849.png
511,0.75,images/139251850.png
512,0.5,images/139251851.png
513,0.25,images/139251852.png
514,1.0,images/139251853.png
515,1.0,images/139251854.png
516,1.0,images/139251855.png
517,1.0,images/139251856.png
518,1.0,images/139251857.png
519,1.0,images/139251858.png
520,1.0,images/139251859.png
521,1.0,images/139251860.png
522,1.0,images/139251861.png
523,1.0,images/139251862.png
524,1.0,images/139251863.png
525,1.0,images/139251864.png
526,1.0,images/139251865.png
527,1.0,images/139251866.png
528,1.0,images/139251867.png
529,1.0,images/139251868.png
530,1.0,images/139251869.png
531,1.0,images/139251870.png
532,1.0,images/139251871.png
533,1.0,images/139251872.png
534,1.0,images/139251873.png
535,1.0,images/139251874.png
536,1.0,images/139251875.png
537,1.0,images/139251876.png
538,1.0,images/139251877.png
539,1.0,images/139251878.png
540,1.0,images/139251879.png
541,1.0,images/139251880.png
542,1.0,images/139251881.png
543,1.0,images/139251882.png
544,1.0,images/139251883.png
545,1.0,images/139251884.png
546,0.5,images/139251885.png
547,0.75,images/139251886.png
548,1.0,images/139251887.png
549,1.0,images/139251888.png
550,1.0,images/139251889.png
551,1.0,images/139251890.png
552,1.0,images/139251891.png
553,1.0,images/139251892.png
554,1.0,images/139251893.png
555,1.0,images/139251894.png
556,1.0,images/139251895.png
557,0.75,images/139251896.png
558,1.0,images/139251897.png
559,1.0,images/139251898.png
560,1.0,images/139251899.png
569,1.0,images/139251908.png
570,1.0,images/139251909.png
571,1.0,images/139251910.png
572,1.0,images/139251911.png
573,1.0,images/139251912.png
574,1.0,images/139251913.png
575,1.0,images/139251914.png
576,1.0,images/139251915.png
577,1.0,images/139251916.png
578,1.0,images/139251917.png
579,1.0,images/139251918.png
580,1.0,images/139251919.png
581,1.0,images/139251920.png
582,1.0,images/139251921.png
583,1.0,images/139251922.png
584,1.0,images/139251923.png
585,1.0,images/139251924.png
586,1.0,images/139251925.png
587,1.0,images/139251926.png
588,1.0,images/139251927.png
589,1.0,images/139251928.png
590,1.0,images/139251929.png
591,1.0,images/139251930.png
592,1.0,images/139251931.png
593,1.0,images/139251932.png
594,1.0,images/139251933.png
595,1.0,images/139251934.png
596,1.0,images/139251935.png
597,1.0,images/139251936.png
598,1.0,images/139251937.png
599,1.0,images/139251938.png
600,1.0,images/139251939.png
601,1.0,images/139251940.png
602,1.0,images/139251941.png
603,1.0,images/139251942.png
604,1.0,images/139251943.png
605,1.0,images/139251944.png
606,1.0,images/139251945.png
609,0.75,images/139251948.png
610,0.5,images/139251949.png
611,0.25,images/139251950.png
615,1.0,images/139251954.png
616,0.5,images/139251955.png
617,1.0,images/139251956.png
618,1.0,images/139251957.png
619,1.0,images/139251958.png
620,1.0,images/139251959.png
621,0.5,images/139251960.png
622,0.5,images/139251961.png
623,1.0,images/139251962.png
624,1.0,images/139251963.png
625,1.0,images/139251964.png
626,1.0,images/139251965.png
627,1.0,images/139251966.png
628,1.0,images/139251967.png
629,1.0,images/139251968.png
630,0.75,images/139251969.png
631,1.0,images/139251970.png
632,1.0,images/139251971.png
633,1.0,images/139251972.png
634,1.0,images/139251973.png
635,1.0,images/139251974.png
636,1.0,images/139251975.png
637,1.0,images/139251976.png
638,1.0,images/139251977.png
639,1.0,images/139251978.png
640,1.0,images/139251979.png
641,1.0,images/139251980.png
642,0.25,images/139251981.png
646,0.5,images/139251986.png
647,0.5,images/139251987.png
648,0.5,images/139251988.png
649,0.25,images/139251989.png
650,0.25,images/139251990.png
651,0.25,images/139251991.png
652,0.5,images/139251992.png
653,0.25,images/139251993.png
654,0.25,images/139251994.png
655,1.0,images/139251995.png
656,1.0,images/139251996.png
657,1.0,images/139251997.png
658,1.0,images/139251998.png
659,1.0,images/139251999.png
660,1.0,images/139252000.png
661,1.0,images/139252001.png
662,1.0,images/139252002.png
663,1.0,images/139252003.png
664,1.0,images/139252004.png
665,1.0,images/139252005.png
666,1.0,images/139252006.png
667,1.0,images/139252007.png
668,1.0,images/139252008.png
669,1.0,images/139252009.png
670,1.0,images/139252010.png
671,1.0,images/139252011.png
672,1.0,images/139252012.png
673,0.25,images/139252013.png
674,1.0,images/139252014.png
675,1.0,images/139252015.png
676,1.0,images/139252016.png
677,1.0,images/139252017.png
678,1.0,images/139252018.png
679,0.25,images/139252019.png
680,0.75,images/139252020.png
681,0.25,images/139252021.png
682,0.25,images/139252022.png
683,1.0,images/139252023.png
684,1.0,images/139252024.png
685,1.0,images/139252025.png
686,1.0,images/139252026.png
687,1.0,images/139252027.png
688,1.0,images/139252028.png
689,1.0,images/139252029.png
690,1.0,images/139252030.png
691,1.0,images/139252031.png
692,1.0,images/139252032.png
693,1.0,images/139252033.png
694,1.0,images/139252034.png
695,1.0,images/139252035.png
696,1.0,images/139252036.png
697,1.0,images/139252037.png
698,1.0,images/139252038.png
699,1.0,images/139252039.png
700,1.0,images/139252040.png
701,1.0,images/139252041.png
702,1.0,images/139252042.png
703,1.0,images/139252043.png
704,1.0,images/139252044.png
705,1.0,images/139252045.png
706,1.0,images/139252046.png
707,1.0,images/139252047.png
708,1.0,images/139252048.png
709,1.0,images/139252049.png
710,1.0,images/139252050.png
711,1.0,images/139252051.png
712,1.0,images/139252052.png
713,1.0,images/139252053.png
714,1.0,images/139252054.png
715,1.0,images/139252055.png
716,1.0,images/139252056.png
717,1.0,images/139252057.png
718,1.0,images/139252058.png
719,1.0,images/139252059.png
720,1.0,images/139252060.png
721,1.0,images/139252061.png
722,1.0,images/139252062.png
723,1.0,images/139252063.png
724,1.0,images/139252064.png
725,1.0,images/139252065.png
726,0.5,images/139252066.png
727,1.0,images/139252067.png
728,1.0,images/139252068.png
729,1.0,images/139252069.png
730,1.0,images/139252070.png
731,1.0,images/139252071.png
732,1.0,images/139252072.png
733,1.0,images/139252073.png
734,1.0,images/139252074.png
735,1.0,images/139252075.png
736,1.0,images/139252076.png
737,1.0,images/139252077.png
738,1.0,images/139252078.png
739,1.0,images/139252079.png
740,1.0,images/139252080.png
741,1.0,images/139252081.png
742,1.0,images/139252082.png
743,1.0,images/139252083.png
745,0.5,images/139252085.png
746,0.5,images/139252086.png
747,1.0,images/139252087.png
748,1.0,images/139252088.png
749,1.0,images/139252089.png
750,1.0,images/139252090.png
751,1.0,images/139252091.png
752,1.0,images/139252092.png
753,1.0,images/139252093.png
754,1.0,images/139252094.png
755,1.0,images/139252095.png
756,1.0,images/139252096.png
757,1.0,images/139252097.png
758,1.0,images/139252098.png
759,1.0,images/139252099.png
760,1.0,images/139252100.png
761,1.0,images/139252101.png
762,1.0,images/139252102.png
763,0.75,images/139252103.png
764,1.0,images/139252104.png
765,0.75,images/139252105.png
768,0.25,images/139252108.png
769,0.25,images/139252109.png
771,1.0,images/139252111.png
772,1.0,images/139252112.png
773,1.0,images/139252113.png
774,1.0,images/139252114.png
775,1.0,images/139252115.png
776,1.0,images/139252116.png
777,1.0,images/139252117.png
778,1.0,images/139252118.png
779,1.0,images/139252119.png
780,1.0,images/139252120.png
781,1.0,images/139252121.png
782,1.0,images/139252122.png
783,1.0,images/139252123.png
784,1.0,images/139252124.png
785,1.0,images/139252125.png
786,1.0,images/139252126.png
787,1.0,images/139252127.png
788,1.0,images/139252128.png
789,1.0,images/139252129.png
790,1.0,images/139252130.png
791,1.0,images/139252131.png
792,1.0,images/139252132.png
793,1.0,images/139252133.png
794,1.0,images/139252134.png
795,1.0,images/139252135.png
796,1.0,images/139252136.png
797,1.0,images/139252137.png
798,1.0,images/139252138.png
801,0.25,images/139252141.png
802,0.25,images/139252142.png
803,0.5,images/139252143.png
804,1.0,images/139252144.png
805,1.0,images/139252145.png
806,1.0,images/139252146.png
807,1.0,images/139252147.png
808,1.0,images/139252148.png
809,1.0,images/139252149.png
810,1.0,images/139252150.png
811,1.0,images/139252151.png
812,1.0,images/139252152.png
813,1.0,images/139252153.png
814,1.0,images/139252154.png
815,1.0,images/139252155.png
816,1.0,images/139252156.png
817,1.0,images/139252157.png
818,1.0,images/139252158.png
819,1.0,images/139252159.png
820,1.0,images/139252160.png
821,1.0,images/139252161.png
822,1.0,images/139252162.png
823,1.0,images/139252163.png
824,1.0,images/139252164.png
825,1.0,images/139252165.png
826,1.0,images/139252166.png
827,1.0,images/139252167.png
828,1.0,images/139252168.png
829,1.0,images/139252169.png
830,1.0,images/139252170.png
831,1.0,images/139252171.png
832,1.0,images/139252172.png
833,1.0,images/139252173.png
834,1.0,images/139252174.png
835,1.0,images/139252175.png
836,1.0,images/139252176.png
837,1.0,images/139252177.png
838,1.0,images/139252178.png
839,1.0,images/139252179.png
840,1.0,images/139252180.png
841,1.0,images/139252181.png
842,1.0,images/139252182.png
843,1.0,images/139252183.png
844,1.0,images/139252184.png
845,1.0,images/139252185.png
846,1.0,images/139252186.png
847,1.0,images/139252187.png
848,1.0,images/139252188.png
849,1.0,images/139252189.png
850,1.0,images/139252190.png
851,1.0,images/139252191.png
852,1.0,images/139252192.png
853,1.0,images/139252193.png
854,1.0,images/139252194.png
855,1.0,images/139252195.png
856,0.5,images/139252196.png
857,1.0,images/139252197.png
858,1.0,images/139252198.png
859,1.0,images/139252199.png
860,1.0,images/139252200.png
861,1.0,images/139252201.png
862,1.0,images/139252202.png
863,1.0,images/139252203.png
864,1.0,images/139252204.png
865,1.0,images/139252205.png
866,1.0,images/139252206.png
867,1.0,images/139252207.png
868,1.0,images/139252208.png
869,1.0,images/139252209.png
870,1.0,images/139252210.png
871,1.0,images/139252211.png
872,1.0,images/139252212.png
873,1.0,images/139252213.png
874,1.0,images/139252214.png
875,1.0,images/139252215.png
876,1.0,images/139252216.png
877,1.0,images/139252217.png
878,1.0,images/139252218.png
879,1.0,images/139252219.png
881,0.5,images/139252221.png
882,0.5,images/139252222.png
883,0.5,images/139252223.png
884,0.5,images/139252224.png
2,1.0,images/139253535.png
3,1.0,images/139253536.png
4,1.0,images/139253537.png
5,1.0,images/139253538.png
6,1.0,images/139253539.png
7,1.0,images/139253540.png
8,1.0,images/139253541.png
9,1.0,images/139253542.png
10,1.0,images/139253543.png
11,1.0,images/139253544.png
12,1.0,images/139253545.png
13,0.5,images/139253546.png
14,0.5,images/139253547.png
17,0.75,images/139253550.png
18,1.0,images/139253551.png
20,0.25,images/139253553.png
21,1.0,images/139253554.png
23,1.0,images/139253556.png
24,1.0,images/139253557.png
25,1.0,images/139253558.png
26,1.0,images/139253559.png
27,1.0,images/139253560.png
28,0.25,images/139253561.png
29,0.75,images/139253562.png
34,0.25,images/139253567.png
35,1.0,images/139253568.png
36,0.25,images/139253569.png
37,0.25,images/139253570.png
39,0.25,images/139253572.png
40,0.25,images/139253573.png
43,1.0,images/139253576.png
44,0.75,images/139253577.png
45,1.0,images/139253578.png
46,0.75,images/139253579.png
47,0.75,images/139253580.png
48,1.0,images/139253581.png
49,1.0,images/139253582.png
50,1.0,images/139253583.png
54,0.75,images/139253587.png
55,0.5,images/139253588.png
56,0.5,images/139253589.png
57,1.0,images/139253590.png
59,0.75,images/139253592.png
60,1.0,images/139253593.png
61,0.5,images/139253594.png
62,1.0,images/139253595.png
63,1.0,images/139253596.png
64,0.5,images/139253597.png
65,0.75,images/139253598.png
66,0.25,images/139253599.png
67,0.25,images/139253600.png
68,0.25,images/139253601.png
69,1.0,images/139253602.png
70,1.0,images/139253603.png
71,1.0,images/139253604.png
74,1.0,images/139253607.png
75,1.0,images/139253608.png
76,1.0,images/139253609.png
77,0.25,images/139253610.png
78,0.5,images/139253611.png
79,0.5,images/139253612.png
80,0.25,images/139253613.png
83,1.0,images/139253617.png
84,1.0,images/139253618.png
85,1.0,images/139253619.png
86,1.0,images/139253620.png
87,1.0,images/139253621.png
88,1.0,images/139253622.png
89,1.0,images/139253623.png
90,1.0,images/139253624.png
91,1.0,images/139253625.png
92,1.0,images/139253626.png
93,1.0,images/139253627.png
94,1.0,images/139253628.png
95,1.0,images/139253629.png
96,1.0,images/139253630.png
97,1.0,images/139253631.png
98,1.0,images/139253632.png
99,1.0,images/139253633.png
100,1.0,images/139253634.png
101,1.0,images/139253635.png
102,1.0,images/139253636.png
115,1.0,images/139253649.png
116,1.0,images/139253650.png
117,0.5,images/139253651.png
118,0.75,images/139253652.png
119,0.5,images/139253653.png
120,0.75,images/139253654.png
121,0.5,images/139253655.png
123,1.0,images/139253657.png
124,1.0,images/139253658.png
125,1.0,images/139253659.png
126,1.0,images/139253660.png
127,1.0,images/139253661.png
128,1.0,images/139253662.png
129,1.0,images/139253663.png
130,1.0,images/139253664.png
131,1.0,images/139253665.png
132,1.0,images/139253666.png
133,1.0,images/139253667.png
134,1.0,images/139253668.png
135,0.5,images/139253669.png
137,1.0,images/139253671.png
138,0.25,images/139253672.png
147,1.0,images/139253681.png
148,1.0,images/139253682.png
149,1.0,images/139253683.png
150,0.5,images/139253684.png
151,0.25,images/139253685.png
152,0.5,images/139253686.png
153,0.75,images/139253687.png
154,0.5,images/139253688.png
156,0.25,images/139253690.png
157,1.0,images/139253691.png
158,1.0,images/139253692.png
159,0.25,images/139253693.png
163,1.0,images/139253697.png
164,1.0,images/139253698.png
165,1.0,images/139253699.png
166,1.0,images/139253700.png
167,0.75,images/139253701.png
168,0.5,images/139253702.png
169,1.0,images/139253703.png
170,1.0,images/139253704.png
171,1.0,images/139253705.png
172,1.0,images/139253706.png
173,1.0,images/139253707.png
174,1.0,images/139253708.png
175,1.0,images/139253709.png
176,1.0,images/139253710.png
177,1.0,images/139253711.png
178,1.0,images/139253712.png
179,1.0,images/139253713.png
180,1.0,images/139253714.png
181,1.0,images/139253715.png
182,1.0,images/139253716.png
183,1.0,images/139253717.png
184,1.0,images/139253718.png
185,1.0,images/139253719.png
186,1.0,images/139253720.png
187,1.0,images/139253721.png
188,1.0,images/139253722.png
189,1.0,images/139253723.png
190,1.0,images/139253724.png
191,1.0,images/139253725.png
192,1.0,images/139253726.png
193,1.0,images/139253727.png
197,1.0,images/139253731.png
198,1.0,images/139253732.png
199,1.0,images/139253733.png
200,1.0,images/139253734.png
201,0.75,images/139253735.png
202,1.0,images/139253736.png
203,0.25,images/139253737.png
204,0.25,images/139253738.png
206,1.0,images/139253740.png
207,1.0,images/139253741.png
208,1.0,images/139253742.png
209,1.0,images/139253743.png
210,1.0,images/139253744.png
211,1.0,images/139253745.png
212,1.0,images/139253746.png
213,1.0,images/139253747.png
214,1.0,images/139253748.png
215,1.0,images/139253749.png
216,1.0,images/139253750.png
217,1.0,images/139253751.png
218,1.0,images/139253752.png
219,1.0,images/139253753.png
220,1.0,images/139253754.png
221,1.0,images/139253755.png
222,1.0,images/139253756.png
223,1.0,images/139253757.png
224,1.0,images/139253758.png
225,1.0,images/139253759.png
226,1.0,images/139253760.png
231,1.0,images/139253765.png
232,1.0,images/139253766.png
233,1.0,images/139253767.png
234,1.0,images/139253768.png
235,0.5,images/139253769.png
236,1.0,images/139253770.png
237,1.0,images/139253771.png
238,1.0,images/139253772.png
239,1.0,images/139253773.png
240,0.5,images/139253774.png
241,1.0,images/139253775.png
242,1.0,images/139253776.png
243,0.25,images/139253777.png
244,0.5,images/139253778.png
245,1.0,images/139253779.png
246,0.75,images/139253780.png
247,0.75,images/139253781.png
248,1.0,images/139253782.png
249,1.0,images/139253783.png
250,1.0,images/139253784.png
251,1.0,images/139253785.png
252,1.0,images/139253786.png
253,1.0,images/139253787.png
254,1.0,images/139253788.png
255,1.0,images/139253789.png
256,1.0,images/139253790.png
257,1.0,images/139253791.png
258,1.0,images/139253792.png
259,1.0,images/139253793.png
260,1.0,images/139253794.png
261,1.0,images/139253795.png
262,1.0,images/139253796.png
263,1.0,images/139253797.png
264,1.0,images/139253798.png
265,1.0,images/139253799.png
266,1.0,images/139253800.png
267,1.0,images/139253801.png
268,1.0,images/139253802.png
269,1.0,images/139253803.png
270,1.0,images/139253804.png
271,1.0,images/139253805.png
272,1.0,images/139253806.png
277,1.0,images/139253811.png
278,1.0,images/139253812.png
279,1.0,images/139253813.png
280,1.0,images/139253814.png
281,1.0,images/139253815.png
282,1.0,images/139253816.png
283,1.0,images/139253817.png
284,1.0,images/139253818.png
285,1.0,images/139253819.png
286,1.0,images/139253820.png
287,1.0,images/139253821.png
288,1.0,images/139253822.png
289,1.0,images/139253823.png
290,1.0,images/139253824.png
291,1.0,images/139253825.png
292,1.0,images/139253826.png
293,1.0,images/139253827.png
294,1.0,images/139253828.png
295,1.0,images/139253829.png
296,1.0,images/139253830.png
297,1.0,images/139253831.png
298,1.0,images/139253832.png
299,1.0,images/139253833.png
305,1.0,images/139253839.png
306,1.0,images/139253840.png
307,1.0,images/139253841.png
308,1.0,images/139253842.png
309,1.0,images/139253843.png
310,1.0,images/139253844.png
311,1.0,images/139253845.png
312,1.0,images/139253846.png
313,1.0,images/139253847.png
314,1.0,images/139253848.png
315,1.0,images/139253849.png
316,0.5,images/139253850.png
317,1.0,images/139253851.png
318,1.0,images/139253852.png
319,1.0,images/139253853.png
320,1.0,images/139253854.png
321,1.0,images/139253855.png
322,1.0,images/139253856.png
323,1.0,images/139253857.png
324,0.5,images/139253858.png
325,0.25,images/139253859.png
326,0.5,images/139253860.png
327,1.0,images/139253861.png
328,1.0,images/139253862.png
329,1.0,images/139253863.png
330,1.0,images/139253864.png
331,1.0,images/139253865.png
332,1.0,images/139253866.png
333,1.0,images/139253867.png
334,0.25,images/139253868.png
335,0.25,images/139253869.png
341,1.0,images/139253875.png
342,1.0,images/139253876.png
343,1.0,images/139253877.png
344,1.0,images/139253878.png
345,0.5,images/139253879.png
346,0.25,images/139253880.png
347,0.5,images/139253881.png
348,0.5,images/139253882.png
349,0.25,images/139253883.png
350,0.25,images/139253884.png
351,1.0,images/139253885.png
352,1.0,images/139253886.png
353,1.0,images/139253887.png
354,1.0,images/139253888.png
355,1.0,images/139253889.png
356,1.0,images/139253890.png
357,1.0,images/139253891.png
358,0.25,images/139253892.png
360,0.5,images/139253894.png
361,0.25,images/139253895.png
362,1.0,images/139253896.png
363,1.0,images/139253897.png
364,1.0,images/139253898.png
365,0.5,images/139253899.png
366,0.5,images/139253900.png
367,0.25,images/139253901.png
369,1.0,images/139253903.png
370,1.0,images/139253904.png
371,0.75,images/139253905.png
372,1.0,images/139253906.png
373,1.0,images/139253907.png
374,0.5,images/139253908.png
375,1.0,images/139253909.png
376,1.0,images/139253910.png
377,1.0,images/139253911.png
378,1.0,images/139253912.png
379,0.5,images/139253913.png
382,0.25,images/139253916.png
383,0.5,images/139253917.png
384,0.5,images/139253918.png
385,1.0,images/139253919.png
386,1.0,images/139253920.png
387,1.0,images/139253921.png
388,1.0,images/139253922.png
390,1.0,images/139253924.png
391,1.0,images/139253925.png
392,1.0,images/139253926.png
393,0.5,images/139253927.png
394,0.25,images/139253928.png
397,1.0,images/139253931.png
398,1.0,images/139253932.png
399,1.0,images/139253933.png
400,0.25,images/139253934.png
401,0.5,images/139253935.png
402,0.5,images/139253936.png
405,0.75,images/139253940.png
406,0.25,images/139253941.png
407,0.25,images/139253942.png
410,1.0,images/139253945.png
411,1.0,images/139253946.png
412,0.25,images/139253947.png
413,1.0,images/139253948.png
414,1.0,images/139253949.png
415,1.0,images/139253950.png
416,1.0,images/139253951.png
418,1.0,images/139253953.png
419,1.0,images/139253954.png
420,0.75,images/139253955.png
424,0.5,images/139253959.png
425,0.25,images/139253960.png
426,1.0,images/139253961.png
427,0.5,images/139253962.png
428,1.0,images/139253963.png
429,1.0,images/139253964.png
430,1.0,images/139253965.png
431,1.0,images/139253966.png
432,1.0,images/139253967.png
433,1.0,images/139253968.png
434,1.0,images/139253969.png
435,1.0,images/139253970.png
436,1.0,images/139253971.png
437,1.0,images/139253972.png
438,1.0,images/139253973.png
439,0.25,images/139253974.png
443,0.25,images/139253978.png
444,1.0,images/139253979.png
445,1.0,images/139253980.png
446,0.5,images/139253981.png
448,0.25,images/139253983.png
451,0.75,images/139253986.png
452,1.0,images/139253987.png
453,0.25,images/139253988.png
454,1.0,images/139253989.png
455,0.75,images/139253990.png
456,0.75,images/139253991.png
457,1.0,images/139253992.png
458,1.0,images/139253993.png
459,1.0,images/139253994.png
460,1.0,images/139253995.png
461,1.0,images/139253996.png
462,1.0,images/139253997.png
463,1.0,images/139253998.png
464,1.0,images/139253999.png
465,1.0,images/139254000.png
469,1.0,images/139254004.png
470,1.0,images/139254005.png
471,0.5,images/139254006.png
0,1.0,images/139250570.png
1,1.0,images/139250571.png
2,1.0,images/139250572.png
3,1.0,images/139250573.png
4,1.0,images/139250574.png
5,1.0,images/139250575.png
6,1.0,images/139250576.png
7,1.0,images/139250577.png
8,1.0,images/139250578.png
9,1.0,images/139250579.png
10,1.0,images/139250580.png
11,1.0,images/139250581.png
12,1.0,images/139250582.png
13,1.0,images/139250583.png
14,1.0,images/139250584.png
15,1.0,images/139250585.png
16,1.0,images/139250586.png
17,1.0,images/139250587.png
18,1.0,images/139250588.png
19,1.0,images/139250589.png
20,1.0,images/139250590.png
21,1.0,images/139250591.png
22,1.0,images/139250592.png
23,1.0,images/139250593.png
24,1.0,images/139250594.png
25,1.0,images/139250595.png
26,1.0,images/139250596.png
27,1.0,images/139250597.png
28,0.5,images/139250598.png
29,0.75,images/139250599.png
30,1.0,images/139250600.png
31,0.5,images/139250601.png
32,0.5,images/139250602.png
33,0.25,images/139250603.png
0,1.0,images/139252266.png
1,1.0,images/139252267.png
2,1.0,images/139252268.png
3,1.0,images/139252269.png
4,1.0,images/139252270.png
5,1.0,images/139252271.png
6,1.0,images/139252272.png
7,1.0,images/139252273.png
8,1.0,images/139252274.png
9,1.0,images/139252275.png
10,1.0,images/139252276.png
11,1.0,images/139252277.png
12,1.0,images/139252278.png
13,1.0,images/139252279.png
14,1.0,images/139252280.png
15,1.0,images/139252281.png
16,1.0,images/139252282.png
17,1.0,images/139252283.png
18,1.0,images/139252284.png
19,1.0,images/139252285.png
20,1.0,images/139252286.png
21,0.75,images/139252287.png
22,1.0,images/139252288.png
23,1.0,images/139252289.png
24,1.0,images/139252290.png
25,1.0,images/139252291.png
26,0.75,images/139252292.png
27,1.0,images/139252293.png
28,0.25,images/139252294.png
29,0.25,images/139252295.png
30,1.0,images/139252296.png
31,1.0,images/139252297.png
32,1.0,images/139252298.png
33,1.0,images/139252299.png
41,0.5,images/139252311.png
43,0.25,images/139252313.png
45,0.75,images/139252328.png
46,1.0,images/139252329.png
47,1.0,images/139252330.png
48,1.0,images/139252331.png
49,1.0,images/139252332.png
50,0.25,images/139252333.png
53,0.5,images/139252345.png
54,0.5,images/139252346.png
62,1.0,images/139252355.png
63,1.0,images/139252356.png
64,1.0,images/139252357.png
65,0.75,images/139252358.png
66,1.0,images/139252359.png
67,1.0,images/139252360.png
68,1.0,images/139252361.png
69,1.0,images/139252362.png
70,1.0,images/139252363.png
71,0.75,images/139252364.png
72,1.0,images/139252365.png
73,1.0,images/139252366.png
74,1.0,images/139252367.png
75,1.0,images/139252368.png
76,1.0,images/139252369.png
77,1.0,images/139252370.png
78,1.0,images/139252371.png
79,1.0,images/139252372.png
80,0.5,images/139252373.png
81,0.5,images/139252374.png
82,0.25,images/139252375.png
83,1.0,images/139252376.png
84,0.25,images/139252377.png
85,0.25,images/139252378.png
87,0.25,images/139252391.png
88,0.5,images/139252392.png
95,0.75,images/139252405.png
96,0.25,images/139252406.png
98,1.0,images/139252414.png
99,1.0,images/139252415.png
100,0.5,images/139252419.png
101,1.0,images/139252420.png
102,0.25,images/139252421.png
108,1.0,images/139252434.png
109,0.5,images/139252435.png
110,1.0,images/139252436.png
111,0.75,images/139252437.png
112,1.0,images/139252438.png
113,1.0,images/139252439.png
114,1.0,images/139252440.png
115,1.0,images/139252441.png
116,1.0,images/139252442.png
117,0.75,images/139252443.png
118,0.5,images/139252444.png
123,0.25,images/139252454.png
124,0.25,images/139252455.png
127,1.0,images/139252467.png
128,0.5,images/139252468.png
129,0.75,images/139252469.png
130,0.75,images/139252470.png
131,0.25,images/139252471.png
132,0.5,images/139252473.png
133,0.5,images/139252474.png
134,0.25,images/139252475.png
135,0.75,images/139252476.png
140,0.75,images/139252502.png
141,0.75,images/139252503.png
142,0.5,images/139252504.png
143,0.5,images/139252505.png
144,0.25,images/139252506.png
147,0.25,images/139252516.png
149,0.75,images/139252518.png
151,0.75,images/139252530.png
152,1.0,images/139252531.png
153,1.0,images/139252532.png
154,1.0,images/139252533.png
155,0.75,images/139252534.png
156,1.0,images/139252535.png
157,0.25,images/139252536.png
165,0.25,images/139252548.png
166,0.75,images/139252558.png
167,1.0,images/139252559.png
168,1.0,images/139252560.png
169,1.0,images/139252561.png
170,0.75,images/139252562.png
171,0.75,images/139252563.png
172,0.75,images/139252564.png
173,0.25,images/139252565.png
174,0.25,images/139252566.png
179,0.75,images/139252577.png
180,1.0,images/139252578.png
181,0.25,images/139252579.png
182,0.25,images/139252580.png
183,1.0,images/139252582.png
185,0.75,images/139252589.png
186,1.0,images/139252590.png
187,1.0,images/139252591.png
188,1.0,images/139252592.png
189,1.0,images/139252593.png
190,0.75,images/139252594.png
191,0.25,images/139252595.png
192,0.75,images/139252596.png
193,0.25,images/139252597.png
194,0.25,images/139252598.png
196,0.75,images/139252610.png
197,0.5,images/139252611.png
198,1.0,images/139252612.png
199,1.0,images/139252613.png
200,1.0,images/139252614.png
202,0.75,images/139252616.png
203,0.5,images/139252617.png
204,0.25,images/139252618.png
206,1.0,images/139252631.png
207,1.0,images/139252632.png
208,1.0,images/139252633.png
209,1.0,images/139252634.png
210,0.75,images/139252635.png
211,1.0,images/139252636.png
212,1.0,images/139252637.png
213,1.0,images/139252638.png
214,1.0,images/139252639.png
215,1.0,images/139252640.png
216,1.0,images/139252641.png
217,1.0,images/139252642.png
218,1.0,images/139252643.png
219,0.75,images/139252644.png
220,1.0,images/139252645.png
221,1.0,images/139252646.png
222,1.0,images/139252647.png
223,1.0,images/139252648.png
224,1.0,images/139252649.png
225,1.0,images/139252650.png
226,1.0,images/139252651.png
227,1.0,images/139252652.png
228,1.0,images/139252653.png
229,1.0,images/139252654.png
230,1.0,images/139252655.png
231,1.0,images/139252656.png
232,1.0,images/139252657.png
233,1.0,images/139252658.png
234,1.0,images/139252659.png
235,1.0,images/139252660.png
236,1.0,images/139252661.png
237,1.0,images/139252662.png
238,1.0,images/139252663.png
239,1.0,images/139252664.png
240,1.0,images/139252665.png
241,1.0,images/139252666.png
242,1.0,images/139252667.png
243,1.0,images/139252668.png
244,1.0,images/139252669.png
245,1.0,images/139252670.png
246,1.0,images/139252676.png
247,1.0,images/139252677.png
248,1.0,images/139252678.png
249,1.0,images/139252679.png
250,1.0,images/139252680.png
251,1.0,images/139252681.png
252,1.0,images/139252682.png
253,1.0,images/139252683.png
254,1.0,images/139252684.png
255,1.0,images/139252685.png
256,1.0,images/139252686.png
257,1.0,images/139252687.png
258,1.0,images/139252688.png
259,1.0,images/139252689.png
260,1.0,images/139252690.png
261,1.0,images/139252691.png
262,1.0,images/139252692.png
263,1.0,images/139252693.png
264,1.0,images/139252694.png
265,1.0,images/139252695.png
266,1.0,images/139252696.png
267,1.0,images/139252697.png
268,1.0,images/139252698.png
269,1.0,images/139252699.png
270,1.0,images/139252700.png
271,1.0,images/139252701.png
272,1.0,images/139252702.png
273,1.0,images/139252703.png
274,0.25,images/139252704.png
279,0.25,images/139252712.png
283,0.75,images/139252726.png
284,1.0,images/139252727.png
285,1.0,images/139252728.png
286,1.0,images/139252729.png
287,1.0,images/139252734.png
288,1.0,images/139252735.png
289,1.0,images/139252736.png
290,1.0,images/139252737.png
291,1.0,images/139252738.png
292,0.75,images/139252739.png
293,1.0,images/139252740.png
294,0.5,images/139252741.png
295,1.0,images/139252742.png
296,0.75,images/139252743.png
297,1.0,images/139252744.png
298,1.0,images/139252745.png
299,1.0,images/139252746.png
300,0.5,images/139252747.png
301,0.75,images/139252748.png
309,0.25,images/139252767.png
310,0.25,images/139252768.png
311,0.25,images/139252769.png
312,0.5,images/139252773.png
313,0.25,images/139252774.png
314,0.25,images/139252775.png
316,1.0,images/139252782.png
317,1.0,images/139252783.png
318,1.0,images/139252784.png
319,1.0,images/139252785.png
320,1.0,images/139252786.png
321,1.0,images/139252787.png
322,1.0,images/139252788.png
323,1.0,images/139252789.png
324,1.0,images/139252790.png
325,1.0,images/139252791.png
326,1.0,images/139252792.png
327,1.0,images/139252793.png
328,1.0,images/139252794.png
329,1.0,images/139252795.png
330,1.0,images/139252796.png
331,1.0,images/139252797.png
332,1.0,images/139252798.png
333,1.0,images/139252799.png
334,1.0,images/139252800.png
335,1.0,images/139252801.png
336,1.0,images/139252802.png
337,1.0,images/139252803.png
338,1.0,images/139252804.png
339,1.0,images/139252805.png
340,1.0,images/139252806.png
341,1.0,images/139252807.png
342,1.0,images/139252808.png
343,1.0,images/139252809.png
344,1.0,images/139252810.png
345,1.0,images/139252811.png
346,1.0,images/139252812.png
347,1.0,images/139252813.png
349,1.0,images/139252818.png
350,1.0,images/139252819.png
351,0.5,images/139252820.png
352,0.5,images/139252821.png
354,1.0,images/139252831.png
355,1.0,images/139252832.png
356,1.0,images/139252833.png
357,1.0,images/139252834.png
358,1.0,images/139252835.png
359,1.0,images/139252836.png
360,1.0,images/139252837.png
361,1.0,images/139252838.png
362,1.0,images/139252839.png
363,1.0,images/139252840.png
364,1.0,images/139252841.png
365,1.0,images/139252842.png
366,1.0,images/139252843.png
367,1.0,images/139252844.png
368,1.0,images/139252845.png
369,1.0,images/139252846.png
370,1.0,images/139252847.png
371,1.0,images/139252848.png
372,1.0,images/139252849.png
373,1.0,images/139252850.png
374,1.0,images/139252851.png
375,1.0,images/139252852.png
376,1.0,images/139252853.png
377,0.25,images/139252854.png
378,0.25,images/139252855.png
382,0.75,images/139252873.png
383,1.0,images/139252874.png
384,1.0,images/139252875.png
385,1.0,images/139252876.png
386,1.0,images/139252877.png
387,1.0,images/139252878.png
388,1.0,images/139252879.png
389,1.0,images/139252880.png
390,0.75,images/139252881.png
391,1.0,images/139252882.png
392,1.0,images/139252883.png
393,1.0,images/139252884.png
394,1.0,images/139252885.png
395,1.0,images/139252886.png
396,1.0,images/139252887.png
397,1.0,images/139252888.png
398,1.0,images/139252889.png
399,1.0,images/139252890.png
400,1.0,images/139252891.png
401,1.0,images/139252892.png
402,1.0,images/139252893.png
403,1.0,images/139252894.png
404,1.0,images/139252895.png
405,1.0,images/139252896.png
406,1.0,images/139252897.png
407,1.0,images/139252898.png
408,1.0,images/139252899.png
409,1.0,images/139252900.png
410,1.0,images/139252901.png
411,1.0,images/139252902.png
412,1.0,images/139252903.png
413,1.0,images/139252904.png
414,1.0,images/139252905.png
415,1.0,images/139252906.png
416,1.0,images/139252907.png
417,1.0,images/139252908.png
418,1.0,images/139252909.png
419,1.0,images/139252910.png
420,0.75,images/139252911.png
421,1.0,images/139252912.png
422,1.0,images/139252913.png
423,1.0,images/139252914.png
424,1.0,images/139252915.png
425,1.0,images/139252916.png
426,1.0,images/139252917.png
427,1.0,images/139252918.png
428,1.0,images/139252919.png
429,1.0,images/139252920.png
430,1.0,images/139252921.png
431,1.0,images/139252922.png
432,1.0,images/139252925.png
433,1.0,images/139252926.png
434,1.0,images/139252927.png
435,1.0,images/139252928.png
436,1.0,images/139252929.png
437,1.0,images/139252930.png
438,1.0,images/139252931.png
439,1.0,images/139252932.png
440,1.0,images/139252933.png
441,1.0,images/139252934.png
442,0.75,images/139252935.png
443,1.0,images/139252936.png
444,1.0,images/139252937.png
445,0.75,images/139252938.png
446,1.0,images/139252939.png
447,1.0,images/139252940.png
448,1.0,images/139252941.png
449,1.0,images/139252942.png
450,1.0,images/139252943.png
451,1.0,images/139252944.png
456,0.25,images/139252953.png
458,1.0,images/139252962.png
466,0.75,images/139252978.png
467,0.25,images/139252979.png
468,0.5,images/139252980.png
469,0.75,images/139252981.png
475,1.0,images/139252988.png
476,1.0,images/139252989.png
477,1.0,images/139252990.png
478,1.0,images/139252991.png
479,1.0,images/139252992.png
480,1.0,images/139252993.png
481,1.0,images/139252994.png
482,1.0,images/139252995.png
484,0.5,images/139252997.png
487,0.25,images/139253000.png
488,0.75,images/139253001.png
490,1.0,images/139253003.png
491,1.0,images/139253004.png
492,1.0,images/139253005.png
493,1.0,images/139253006.png
494,1.0,images/139253007.png
495,1.0,images/139253008.png
496,1.0,images/139253009.png
497,1.0,images/139253010.png
498,1.0,images/139253011.png
499,1.0,images/139253012.png
500,1.0,images/139253013.png
501,1.0,images/139253014.png
502,1.0,images/139253015.png
503,1.0,images/139253016.png
504,1.0,images/139253017.png
505,1.0,images/139253018.png
506,1.0,images/139253019.png
507,1.0,images/139253020.png
508,1.0,images/139253021.png
509,1.0,images/139253022.png
510,1.0,images/139253023.png
511,1.0,images/139253024.png
512,1.0,images/139253025.png
513,1.0,images/139253026.png
514,1.0,images/139253027.png
515,1.0,images/139253028.png
516,0.75,images/139253029.png
517,1.0,images/139253030.png
518,1.0,images/139253031.png
519,1.0,images/139253032.png
520,1.0,images/139253033.png
521,1.0,images/139253034.png
526,0.75,images/139253039.png
527,1.0,images/139253040.png
528,0.75,images/139253041.png
529,0.75,images/139253042.png
533,1.0,images/139253046.png
534,1.0,images/139253047.png
535,1.0,images/139253048.png
536,1.0,images/139253049.png
537,1.0,images/139253050.png
538,1.0,images/139253051.png
539,1.0,images/139253052.png
540,1.0,images/139253053.png
541,1.0,images/139253054.png
542,1.0,images/139253055.png
543,1.0,images/139253056.png
544,1.0,images/139253057.png
545,1.0,images/139253058.png
546,1.0,images/139253059.png
547,1.0,images/139253060.png
548,1.0,images/139253061.png
549,1.0,images/139253062.png
550,1.0,images/139253063.png
551,1.0,images/139253064.png
552,1.0,images/139253065.png
553,1.0,images/139253066.png
554,1.0,images/139253067.png
555,1.0,images/139253068.png
556,1.0,images/139253069.png
557,1.0,images/139253070.png
558,1.0,images/139253071.png
559,1.0,images/139253072.png
560,0.75,images/139253073.png
561,1.0,images/139253074.png
562,0.25,images/139253075.png
563,0.75,images/139253076.png
565,0.75,images/139253078.png
566,0.75,images/139253079.png
567,1.0,images/139253080.png
568,1.0,images/139253081.png
569,1.0,images/139253082.png
570,1.0,images/139253083.png
571,1.0,images/139253084.png
572,1.0,images/139253085.png
573,1.0,images/139253086.png
574,1.0,images/139253087.png
575,1.0,images/139253088.png
576,1.0,images/139253089.png
577,0.75,images/139253090.png
578,0.75,images/139253091.png
579,1.0,images/139253092.png
580,0.75,images/139253093.png
581,0.5,images/139253094.png
582,0.5,images/139253095.png
583,0.25,images/139253096.png
584,0.75,images/139253097.png
585,0.5,images/139253098.png
586,0.5,images/139253099.png
588,0.25,images/139253101.png
589,1.0,images/139253102.png
590,1.0,images/139253103.png
591,1.0,images/139253104.png
592,1.0,images/139253105.png
593,1.0,images/139253106.png
594,1.0,images/139253107.png
595,1.0,images/139253108.png
596,1.0,images/139253109.png
597,1.0,images/139253110.png
598,0.5,images/139253111.png
605,0.25,images/139253118.png
606,1.0,images/139253119.png
607,0.75,images/139253120.png
608,1.0,images/139253121.png
610,0.25,images/139253123.png
611,0.75,images/139253124.png
612,0.75,images/139253125.png
613,1.0,images/139253126.png
614,1.0,images/139253127.png
615,1.0,images/139253128.png
616,0.75,images/139253129.png
617,1.0,images/139253130.png
618,1.0,images/139253131.png
619,1.0,images/139253132.png
620,1.0,images/139253133.png
627,1.0,images/139253140.png
628,0.5,images/139253141.png
629,1.0,images/139253142.png
630,1.0,images/139253143.png
631,0.5,images/139253144.png
632,0.25,images/139253145.png
633,1.0,images/139253146.png
634,0.75,images/139253147.png
636,1.0,images/139253149.png
637,1.0,images/139253150.png
638,1.0,images/139253151.png
639,1.0,images/139253152.png
640,1.0,images/139253153.png
641,1.0,images/139253154.png
642,0.5,images/139253155.png
643,1.0,images/139253156.png
644,0.75,images/139253157.png
645,0.25,images/139253158.png
649,0.25,images/139253162.png
650,0.5,images/139253163.png
652,1.0,images/139253165.png
653,1.0,images/139253166.png
654,1.0,images/139253167.png
655,1.0,images/139253168.png
656,1.0,images/139253169.png
657,1.0,images/139253170.png
658,1.0,images/139253171.png
659,1.0,images/139253172.png
660,1.0,images/139253173.png
661,1.0,images/139253174.png
662,1.0,images/139253175.png
663,1.0,images/139253176.png
664,1.0,images/139253177.png
665,1.0,images/139253178.png
666,1.0,images/139253179.png
667,1.0,images/139253180.png
668,1.0,images/139253181.png
669,1.0,images/139253182.png
670,1.0,images/139253183.png
671,1.0,images/139253184.png
672,1.0,images/139253185.png
673,1.0,images/139253186.png
674,1.0,images/139253187.png
675,1.0,images/139253188.png
676,1.0,images/139253189.png
677,1.0,images/139253190.png
678,1.0,images/139253191.png
679,1.0,images/139253192.png
680,1.0,images/139253193.png
681,1.0,images/139253194.png
682,1.0,images/139253195.png
683,1.0,images/139253196.png
684,1.0,images/139253197.png
685,1.0,images/139253198.png
686,1.0,images/139253199.png
687,1.0,images/139253200.png
688,1.0,images/139253201.png
689,1.0,images/139253202.png
690,1.0,images/139253203.png
691,1.0,images/139253204.png
692,1.0,images/139253205.png
693,1.0,images/139253206.png
694,1.0,images/139253207.png
695,1.0,images/139253208.png
696,1.0,images/139253209.png
697,1.0,images/139253210.png
698,1.0,images/139253211.png
699,1.0,images/139253212.png
703,1.0,images/139253216.png
704,1.0,images/139253217.png
705,1.0,images/139253218.png
706,1.0,images/139253219.png
707,1.0,images/139253220.png
708,1.0,images/139253221.png
709,1.0,images/139253222.png
710,1.0,images/139253223.png
711,1.0,images/139253224.png
712,1.0,images/139253225.png
713,1.0,images/139253226.png
714,1.0,images/139253227.png
715,1.0,images/139253228.png
716,1.0,images/139253229.png
717,1.0,images/139253230.png
718,1.0,images/139253231.png
719,1.0,images/139253232.png
720,1.0,images/139253233.png
721,1.0,images/139253234.png
722,1.0,images/139253235.png
723,1.0,images/139253236.png
724,1.0,images/139253237.png
725,1.0,images/139253238.png
726,1.0,images/139253239.png
727,1.0,images/139253240.png
728,1.0,images/139253241.png
729,1.0,images/139253242.png
730,1.0,images/139253243.png
731,1.0,images/139253244.png
732,1.0,images/139253245.png
733,1.0,images/139253246.png
734,1.0,images/139253247.png
735,1.0,images/139253248.png
736,1.0,images/139253249.png
737,1.0,images/139253250.png
738,1.0,images/139253251.png
739,1.0,images/139253252.png
740,1.0,images/139253253.png
741,1.0,images/139253254.png
742,1.0,images/139253255.png
743,1.0,images/139253256.png
744,1.0,images/139253257.png
745,1.0,images/139253258.png
746,0.5,images/139253259.png
747,0.25,images/139253260.png
748,0.75,images/139253261.png
750,1.0,images/139253264.png
751,1.0,images/139253265.png
752,1.0,images/139253266.png
753,1.0,images/139253267.png
754,1.0,images/139253268.png
755,1.0,images/139253269.png
756,1.0,images/139253270.png
757,1.0,images/139253271.png
758,1.0,images/139253272.png
759,1.0,images/139253273.png
760,1.0,images/139253274.png
761,1.0,images/139253275.png
762,1.0,images/139253276.png
763,1.0,images/139253277.png
764,1.0,images/139253278.png
765,1.0,images/139253279.png
766,1.0,images/139253280.png
767,1.0,images/139253281.png
768,1.0,images/139253282.png
769,1.0,images/139253283.png
770,1.0,images/139253284.png
771,1.0,images/139253285.png
772,1.0,images/139253286.png
773,1.0,images/139253287.png
774,1.0,images/139253288.png
775,1.0,images/139253289.png
776,1.0,images/139253290.png
777,1.0,images/139253291.png
778,1.0,images/139253292.png
779,1.0,images/139253293.png
780,1.0,images/139253294.png
781,1.0,images/139253295.png
782,1.0,images/139253296.png
783,1.0,images/139253297.png
784,1.0,images/139253298.png
785,1.0,images/139253299.png
786,1.0,images/139253300.png
787,1.0,images/139253301.png
788,1.0,images/139253302.png
789,1.0,images/139253303.png
790,1.0,images/139253304.png
791,1.0,images/139253305.png
792,1.0,images/139253306.png
793,1.0,images/139253307.png
794,1.0,images/139253308.png
795,1.0,images/139253309.png
796,1.0,images/139253310.png
797,1.0,images/139253311.png
798,1.0,images/139253312.png
799,1.0,images/139253313.png
800,1.0,images/139253314.png
801,0.5,images/139253315.png
802,0.75,images/139253316.png
803,0.75,images/139253317.png
804,1.0,images/139253318.png
805,1.0,images/139253319.png
806,0.75,images/139253320.png
807,0.75,images/139253321.png
808,1.0,images/139253322.png
809,1.0,images/139253323.png
810,1.0,images/139253324.png
811,1.0,images/139253325.png
812,1.0,images/139253326.png
813,1.0,images/139253327.png
814,1.0,images/139253328.png
815,1.0,images/139253329.png
816,1.0,images/139253330.png
817,1.0,images/139253331.png
818,1.0,images/139253332.png
819,1.0,images/139253333.png
820,0.25,images/139253334.png
821,0.25,images/139253335.png
822,0.75,images/139253336.png
823,0.5,images/139253337.png
824,0.25,images/139253338.png
825,0.5,images/139253339.png
826,0.5,images/139253340.png
827,0.25,images/139253341.png
829,0.5,images/139253343.png
830,1.0,images/139253344.png
831,1.0,images/139253345.png
832,1.0,images/139253346.png
833,1.0,images/139253347.png
834,1.0,images/139253348.png
835,1.0,images/139253349.png
836,1.0,images/139253350.png
837,1.0,images/139253351.png
842,0.5,images/139253356.png
843,0.25,images/139253357.png
844,1.0,images/139253358.png
845,1.0,images/139253359.png
853,1.0,images/139253367.png
854,0.5,images/139253368.png
855,1.0,images/139253369.png
856,0.25,images/139253370.png
857,0.5,images/139253371.png
859,0.75,images/139253373.png
860,1.0,images/139253374.png
861,1.0,images/139253375.png
862,1.0,images/139253376.png
863,1.0,images/139253377.png
864,1.0,images/139253378.png
865,1.0,images/139253379.png
866,1.0,images/139253380.png
867,1.0,images/139253381.png
868,1.0,images/139253382.png
869,1.0,images/139253383.png
870,1.0,images/139253384.png
871,1.0,images/139253385.png
872,1.0,images/139253386.png
873,1.0,images/139253387.png
874,1.0,images/139253388.png
875,1.0,images/139253389.png
876,1.0,images/139253390.png
877,1.0,images/139253391.png
878,1.0,images/139253392.png
879,1.0,images/139253393.png
880,1.0,images/139253394.png
881,1.0,images/139253395.png
882,1.0,images/139253396.png
883,1.0,images/139253397.png
884,1.0,images/139253398.png
885,1.0,images/139253399.png
886,1.0,images/139253400.png
887,1.0,images/139253401.png
888,1.0,images/139253402.png
889,1.0,images/139253403.png
890,1.0,images/139253404.png
891,1.0,images/139253405.png
892,1.0,images/139253406.png
893,1.0,images/139253407.png
894,1.0,images/139253408.png
895,1.0,images/139253409.png
896,1.0,images/139253410.png
897,0.5,images/139253411.png
898,0.75,images/139253412.png
899,0.75,images/139253413.png
900,0.75,images/139253414.png
901,1.0,images/139253415.png
902,1.0,images/139253416.png
905,0.5,images/139253419.png
907,1.0,images/139253421.png
908,1.0,images/139253422.png
909,1.0,images/139253423.png
910,1.0,images/139253424.png
911,1.0,images/139253425.png
912,1.0,images/139253426.png
913,1.0,images/139253427.png
914,1.0,images/139253428.png
915,1.0,images/139253429.png
916,1.0,images/139253430.png
917,1.0,images/139253431.png
918,1.0,images/139253432.png
919,1.0,images/139253433.png
920,1.0,images/139253434.png
921,1.0,images/139253435.png
922,1.0,images/139253436.png
923,1.0,images/139253437.png
924,1.0,images/139253438.png
925,1.0,images/139253439.png
926,1.0,images/139253440.png
927,1.0,images/139253441.png
928,1.0,images/139253442.png
929,1.0,images/139253443.png
933,0.5,images/139253447.png
934,0.25,images/139253448.png
935,0.75,images/139253449.png
936,0.75,images/139253450.png
937,0.75,images/139253451.png
938,0.75,images/139253452.png
939,0.25,images/139253453.png
940,1.0,images/139253454.png
945,1.0,images/139253459.png
946,0.75,images/139253460.png
947,0.75,images/139253461.png
948,0.75,images/139253462.png
949,1.0,images/139253463.png
950,1.0,images/139253464.png
951,1.0,images/139253465.png
952,1.0,images/139253466.png
953,1.0,images/139253467.png
954,1.0,images/139253468.png
955,1.0,images/139253469.png
956,1.0,images/139253470.png
957,1.0,images/139253471.png
958,1.0,images/139253472.png
959,1.0,images/139253473.png
960,1.0,images/139253474.png
961,1.0,images/139253475.png
962,1.0,images/139253476.png
963,1.0,images/139253477.png
964,1.0,images/139253478.png
965,1.0,images/139253479.png
968,0.5,images/139253482.png
969,0.5,images/139253483.png
971,1.0,images/139253485.png
972,1.0,images/139253486.png
973,1.0,images/139253487.png
974,1.0,images/139253488.png
975,1.0,images/139253489.png
976,1.0,images/139253490.png
977,1.0,images/139253491.png
978,1.0,images/139253492.png
979,1.0,images/139253493.png
980,1.0,images/139253494.png
981,0.5,images/139253495.png
983,1.0,images/139253498.png
984,1.0,images/139253499.png
985,0.75,images/139253500.png
986,0.5,images/139253501.png
987,0.5,images/139253502.png
988,1.0,images/139253503.png
989,0.25,images/139253504.png
0,0.75,images/139252225.png
1,1.0,images/139252226.png
2,1.0,images/139252227.png
3,1.0,images/139252228.png
4,1.0,images/139252229.png
5,1.0,images/139252230.png
6,1.0,images/139252231.png
7,1.0,images/139252232.png
8,1.0,images/139252233.png
9,1.0,images/139252234.png
10,1.0,images/139252235.png
15,1.0,images/139252240.png
16,0.5,images/139252241.png
18,1.0,images/139252243.png
19,1.0,images/139252244.png
20,1.0,images/139252245.png
21,1.0,images/139252246.png
22,1.0,images/139252247.png
23,0.75,images/139252248.png
29,0.75,images/139252254.png
34,1.0,images/139252259.png
35,1.0,images/139252260.png
36,0.5,images/139252261.png
37,1.0,images/139252262.png
38,0.25,images/139252263.png
41,0.75,images/139252300.png
42,0.25,images/139252301.png
45,1.0,images/139252315.png
46,1.0,images/139252316.png
47,1.0,images/139252317.png
48,0.5,images/139252318.png
53,1.0,images/139252323.png
54,0.5,images/139252324.png
58,0.75,images/139252336.png
59,1.0,images/139252337.png
60,0.5,images/139252338.png
61,0.75,images/139252339.png
62,0.25,images/139252340.png
64,0.25,images/139252342.png
65,0.5,images/139252343.png
66,1.0,images/139252344.png
68,1.0,images/139252379.png
69,1.0,images/139252380.png
70,0.75,images/139252381.png
71,1.0,images/139252382.png
72,1.0,images/139252383.png
73,1.0,images/139252384.png
75,0.75,images/139252387.png
79,0.5,images/139252399.png
80,0.75,images/139252400.png
81,0.5,images/139252401.png
82,0.75,images/139252402.png
86,0.5,images/139252409.png
87,0.5,images/139252410.png
88,1.0,images/139252411.png
89,0.25,images/139252412.png
90,0.5,images/139252413.png
91,0.75,images/139252416.png
92,0.75,images/139252417.png
93,0.25,images/139252418.png
96,0.75,images/139252429.png
98,0.75,images/139252431.png
101,0.75,images/139252449.png
102,0.25,images/139252450.png
104,1.0,images/139252452.png
107,1.0,images/139252459.png
108,1.0,images/139252460.png
112,0.25,images/139252464.png
113,0.25,images/139252465.png
117,0.5,images/139252478.png
118,1.0,images/139252479.png
119,1.0,images/139252480.png
120,1.0,images/139252481.png
121,1.0,images/139252482.png
122,1.0,images/139252483.png
123,1.0,images/139252484.png
124,0.25,images/139252485.png
129,0.5,images/139252490.png
130,0.75,images/139252491.png
131,0.25,images/139252492.png
132,0.25,images/139252493.png
134,0.25,images/139252499.png
135,0.75,images/139252500.png
136,1.0,images/139252501.png
139,0.75,images/139252511.png
140,0.5,images/139252512.png
142,0.5,images/139252514.png
143,0.25,images/139252515.png
145,1.0,images/139252521.png
146,1.0,images/139252522.png
148,0.25,images/139252524.png
150,0.25,images/139252526.png
151,0.5,images/139252527.png
152,0.25,images/139252528.png
154,0.5,images/139252537.png
155,0.5,images/139252538.png
156,0.25,images/139252539.png
159,1.0,images/139252550.png
160,1.0,images/139252551.png
161,0.25,images/139252552.png
164,0.75,images/139252555.png
165,0.75,images/139252556.png
167,0.75,images/139252571.png
168,0.75,images/139252572.png
169,0.75,images/139252573.png
170,1.0,images/139252574.png
171,0.25,images/139252575.png
172,0.25,images/139252576.png
175,0.5,images/139252584.png
176,0.25,images/139252585.png
177,0.5,images/139252586.png
179,1.0,images/139252599.png
180,1.0,images/139252600.png
181,0.25,images/139252601.png
182,0.5,images/139252602.png
183,0.25,images/139252603.png
184,0.25,images/139252604.png
187,0.25,images/139252608.png
188,0.5,images/139252609.png
190,0.25,images/139252620.png
191,1.0,images/139252621.png
192,0.75,images/139252622.png
193,0.75,images/139252623.png
194,1.0,images/139252624.png
197,0.5,images/139252628.png
198,1.0,images/139252629.png
199,0.25,images/139252630.png
200,0.25,images/139252671.png
201,1.0,images/139252672.png
203,0.25,images/139252674.png
206,0.75,images/139252706.png
208,1.0,images/139252716.png
209,1.0,images/139252717.png
210,1.0,images/139252718.png
211,1.0,images/139252719.png
212,1.0,images/139252720.png
213,1.0,images/139252721.png
215,0.25,images/139252723.png
219,0.5,images/139252731.png
220,0.5,images/139252732.png
222,1.0,images/139252756.png
223,1.0,images/139252757.png
224,1.0,images/139252758.png
225,1.0,images/139252759.png
226,1.0,images/139252760.png
227,1.0,images/139252761.png
228,0.5,images/139252762.png
229,0.5,images/139252763.png
230,0.25,images/139252764.png
234,0.5,images/139252771.png
235,0.25,images/139252772.png
237,0.25,images/139252779.png
238,1.0,images/139252780.png
239,1.0,images/139252781.png
242,0.25,images/139252817.png
245,0.5,images/139252825.png
247,0.5,images/139252827.png
248,0.75,images/139252828.png
249,0.5,images/139252829.png
250,0.5,images/139252830.png
253,1.0,images/139252861.png
254,0.25,images/139252863.png
255,0.25,images/139252864.png
256,0.5,images/139252865.png
260,0.75,images/139252869.png
261,0.25,images/139252870.png
262,0.5,images/139252871.png
263,0.25,images/139252872.png
266,1.0,images/139252949.png
267,0.5,images/139252950.png
269,0.25,images/139252952.png
272,0.5,images/139252956.png
273,0.5,images/139252957.png
274,0.5,images/139252958.png
275,1.0,images/139252959.png
277,0.5,images/139252964.png
278,1.0,images/139252965.png
279,1.0,images/139252966.png
280,1.0,images/139252967.png
281,1.0,images/139252968.png
283,0.25,images/139252974.png
284,0.25,images/139252975.png
0,1.0,images/139250611.png
1,1.0,images/139250612.png
2,1.0,images/139250613.png
3,1.0,images/139250614.png
4,0.75,images/139250615.png
5,1.0,images/139250616.png
6,0.75,images/139250617.png
7,0.75,images/139250618.png
8,1.0,images/139250619.png
9,0.75,images/139250620.png
10,1.0,images/139250621.png
11,1.0,images/139250622.png
12,1.0,images/139250623.png
13,0.75,images/139250624.png
14,0.75,images/139250625.png
15,0.5,images/139250626.png
16,1.0,images/139250627.png
17,1.0,images/139250628.png
18,0.75,images/139250629.png
19,1.0,images/139250630.png
20,0.75,images/139250631.png
21,1.0,images/139250632.png
22,1.0,images/139250633.png
23,1.0,images/139250634.png
24,1.0,images/139250635.png
25,1.0,images/139250636.png
26,1.0,images/139250637.png
28,0.75,images/139250639.png
29,0.75,images/139250640.png
30,0.75,images/139250641.png
31,0.5,images/139250642.png
32,1.0,images/139250643.png
33,1.0,images/139250644.png
34,1.0,images/139250645.png
35,0.25,images/139250646.png
36,0.25,images/139250647.png
57,1.0,images/139250668.png
58,1.0,images/139250669.png
59,1.0,images/139250670.png
60,1.0,images/139250671.png
61,1.0,images/139250672.png
62,1.0,images/139250673.png
63,1.0,images/139250674.png
64,1.0,images/139250675.png
65,1.0,images/139250676.png
66,1.0,images/139250677.png
67,1.0,images/139250678.png
68,0.75,images/139250679.png
69,1.0,images/139250680.png
70,1.0,images/139250681.png
71,0.75,images/139250682.png
72,1.0,images/139250683.png
73,1.0,images/139250684.png
74,1.0,images/139250685.png
75,1.0,images/139250686.png
76,1.0,images/139250687.png
77,0.75,images/139250688.png
78,1.0,images/139250689.png
79,1.0,images/139250690.png
80,1.0,images/139250691.png
81,1.0,images/139250692.png
82,0.75,images/139250693.png
83,1.0,images/139250694.png
84,1.0,images/139250695.png
85,0.75,images/139250696.png
86,1.0,images/139250697.png
87,1.0,images/139250698.png
88,1.0,images/139250699.png
89,1.0,images/139250700.png
90,0.75,images/139250701.png
91,1.0,images/139250702.png
92,1.0,images/139250703.png
93,1.0,images/139250704.png
94,0.75,images/139250705.png
95,1.0,images/139250706.png
96,1.0,images/139250707.png
97,1.0,images/139250708.png
98,0.75,images/139250709.png
99,1.0,images/139250710.png
100,1.0,images/139250711.png
101,1.0,images/139250712.png
102,1.0,images/139250713.png
103,0.75,images/139250714.png
104,1.0,images/139250715.png
105,1.0,images/139250716.png
106,0.75,images/139250717.png
107,1.0,images/139250718.png
108,1.0,images/139250719.png
109,0.75,images/139250720.png
110,0.75,images/139250721.png
111,0.75,images/139250722.png
112,1.0,images/139250723.png
132,1.0,images/139250743.png
133,1.0,images/139250744.png
134,1.0,images/139250745.png
135,1.0,images/139250746.png
136,0.75,images/139250747.png
137,1.0,images/139250748.png
138,1.0,images/139250749.png
139,0.75,images/139250750.png
140,0.75,images/139250751.png
141,0.75,images/139250752.png
142,1.0,images/139250753.png
143,1.0,images/139250754.png
160,0.75,images/139250771.png
161,0.75,images/139250772.png
162,1.0,images/139250773.png
163,0.75,images/139250774.png
164,0.75,images/139250775.png
165,0.75,images/139250776.png
166,0.75,images/139250777.png
167,0.5,images/139250778.png
168,0.75,images/139250779.png
169,0.75,images/139250780.png
170,1.0,images/139250781.png
171,1.0,images/139250782.png
172,1.0,images/139250783.png
173,1.0,images/139250784.png
174,0.5,images/139250785.png
175,0.5,images/139250786.png
176,0.75,images/139250787.png
186,1.0,images/139250797.png
187,0.75,images/139250798.png
188,1.0,images/139250799.png
189,1.0,images/139250800.png
190,0.75,images/139250801.png
191,1.0,images/139250802.png
192,1.0,images/139250803.png
193,1.0,images/139250804.png
194,1.0,images/139250805.png
223,1.0,images/139250834.png
224,1.0,images/139250835.png
225,0.75,images/139250836.png
226,0.75,images/139250837.png
227,0.75,images/139250838.png
228,0.75,images/139250839.png
229,0.75,images/139250840.png
230,1.0,images/139250841.png
231,0.75,images/139250842.png
232,0.75,images/139250843.png
233,0.75,images/139250844.png
234,0.75,images/139250845.png
235,0.5,images/139250846.png
236,0.5,images/139250847.png
237,0.75,images/139250848.png
238,0.75,images/139250849.png
239,1.0,images/139250850.png
240,1.0,images/139250851.png
241,1.0,images/139250852.png
242,1.0,images/139250853.png
243,0.75,images/139250854.png
244,1.0,images/139250855.png
245,1.0,images/139250856.png
246,0.75,images/139250857.png
247,1.0,images/139250858.png
248,1.0,images/139250859.png
249,1.0,images/139250860.png
250,1.0,images/139250861.png
251,0.75,images/139250862.png
252,0.75,images/139250863.png
253,1.0,images/139250864.png
254,0.75,images/139250865.png
262,1.0,images/139250873.png
263,1.0,images/139250874.png
264,0.75,images/139250875.png
265,0.75,images/139250876.png
266,1.0,images/139250877.png
267,0.75,images/139250878.png
268,0.75,images/139250879.png
269,0.75,images/139250880.png
270,1.0,images/139250881.png
276,1.0,images/139250887.png
277,1.0,images/139250888.png
278,1.0,images/139250889.png
279,1.0,images/139250890.png
280,1.0,images/139250891.png
281,0.75,images/139250892.png
282,0.75,images/139250893.png
283,0.75,images/139250894.png
284,0.75,images/139250895.png
285,0.5,images/139250896.png
286,1.0,images/139250897.png
287,0.75,images/139250898.png
288,1.0,images/139250899.png
289,0.75,images/139250900.png
290,1.0,images/139250901.png
291,1.0,images/139250902.png
292,0.75,images/139250903.png
293,1.0,images/139250904.png
294,1.0,images/139250905.png
295,1.0,images/139250906.png
314,0.75,images/139250925.png
315,1.0,images/139250926.png
316,1.0,images/139250927.png
317,0.75,images/139250928.png
318,0.75,images/139250929.png
319,0.75,images/139250930.png
320,1.0,images/139250931.png
321,1.0,images/139250932.png
322,1.0,images/139250933.png
323,1.0,images/139250934.png
324,1.0,images/139250935.png
325,1.0,images/139250936.png
326,1.0,images/139250937.png
327,1.0,images/139250938.png
328,1.0,images/139250939.png
329,0.75,images/139250940.png
330,1.0,images/139250941.png
331,1.0,images/139250942.png
343,1.0,images/139250954.png
344,0.75,images/139250955.png
345,1.0,images/139250956.png
346,1.0,images/139250957.png
347,1.0,images/139250958.png
348,0.75,images/139250959.png
349,1.0,images/139250960.png
350,0.75,images/139250961.png
351,0.75,images/139250962.png
359,0.75,images/139250970.png
360,0.75,images/139250971.png
361,0.75,images/139250972.png
362,1.0,images/139250973.png
363,0.75,images/139250974.png
364,1.0,images/139250975.png
365,1.0,images/139250976.png
366,0.5,images/139250977.png
367,0.5,images/139250978.png
375,1.0,images/139250986.png
376,0.5,images/139250987.png
377,0.75,images/139250988.png
378,1.0,images/139250989.png
379,1.0,images/139250990.png
380,0.75,images/139250991.png
381,1.0,images/139250992.png
382,0.75,images/139250993.png
383,0.75,images/139250994.png
384,0.75,images/139250995.png
385,0.75,images/139250996.png
386,0.75,images/139250997.png
387,0.75,images/139250998.png
388,0.5,images/139250999.png
389,0.75,images/139251000.png
390,0.75,images/139251001.png
391,0.75,images/139251002.png
392,0.5,images/139251003.png
393,0.25,images/139251004.png
396,0.75,images/139251007.png
397,0.25,images/139251008.png
398,1.0,images/139251009.png
399,1.0,images/139251010.png
400,1.0,images/139251011.png
401,1.0,images/139251012.png
402,1.0,images/139251013.png
403,0.75,images/139251014.png
404,0.75,images/139251015.png
405,0.75,images/139251016.png
406,0.75,images/139251017.png
407,1.0,images/139251018.png
408,0.75,images/139251019.png
409,1.0,images/139251020.png
410,0.75,images/139251021.png
411,0.75,images/139251022.png
412,0.5,images/139251023.png
413,0.75,images/139251024.png
414,1.0,images/139251025.png
415,1.0,images/139251026.png
416,1.0,images/139251027.png
417,1.0,images/139251028.png
418,1.0,images/139251029.png
419,1.0,images/139251030.png
420,0.5,images/139251031.png
421,0.5,images/139251032.png
434,1.0,images/139251045.png
435,1.0,images/139251046.png
436,0.5,images/139251047.png
437,0.75,images/139251048.png
438,0.5,images/139251049.png
439,1.0,images/139251050.png
440,1.0,images/139251051.png
441,1.0,images/139251052.png
442,1.0,images/139251053.png
443,0.25,images/139251054.png
444,0.25,images/139251055.png
446,1.0,images/139251057.png
447,1.0,images/139251058.png
448,1.0,images/139251059.png
449,1.0,images/139251060.png
450,0.75,images/139251061.png
451,1.0,images/139251062.png
452,1.0,images/139251063.png
453,1.0,images/139251064.png
454,0.75,images/139251065.png
455,1.0,images/139251066.png
456,1.0,images/139251067.png
457,0.75,images/139251068.png
458,1.0,images/139251069.png
459,1.0,images/139251070.png
460,0.5,images/139251071.png
461,1.0,images/139251072.png
467,1.0,images/139251078.png
473,0.5,images/139251084.png
475,0.5,images/139251086.png
476,1.0,images/139251087.png
477,1.0,images/139251088.png
478,1.0,images/139251089.png
479,1.0,images/139251090.png
480,1.0,images/139251091.png
481,1.0,images/139251092.png
482,0.5,images/139251093.png
483,0.25,images/139251094.png
484,0.25,images/139251095.png
485,0.25,images/139251096.png
492,0.5,images/139251103.png
493,0.75,images/139251104.png
494,0.5,images/139251105.png
495,0.75,images/139251106.png
496,0.25,images/139251107.png
497,0.75,images/139251108.png
498,1.0,images/139251109.png
499,1.0,images/139251110.png
500,0.75,images/139251111.png
501,0.5,images/139251112.png
503,0.25,images/139251114.png
504,0.25,images/139251115.png
505,0.75,images/139251116.png
506,0.75,images/139251117.png
507,0.75,images/139251118.png
508,0.75,images/139251119.png
519,0.25,images/139251130.png
520,1.0,images/139251131.png
521,1.0,images/139251132.png
522,1.0,images/139251133.png
523,0.75,images/139251134.png
524,1.0,images/139251135.png
525,1.0,images/139251136.png
526,1.0,images/139251137.png
527,1.0,images/139251138.png
528,1.0,images/139251139.png
529,1.0,images/139251140.png
530,1.0,images/139251141.png
531,0.75,images/139251142.png
532,1.0,images/139251143.png
533,0.75,images/139251144.png
534,1.0,images/139251145.png
535,1.0,images/139251146.png
536,1.0,images/139251147.png
537,1.0,images/139251148.png
538,1.0,images/139251149.png
539,0.75,images/139251150.png
540,1.0,images/139251151.png
541,1.0,images/139251152.png
542,1.0,images/139251153.png
543,1.0,images/139251154.png
544,1.0,images/139251155.png
545,1.0,images/139251156.png
546,1.0,images/139251157.png
547,1.0,images/139251158.png
548,1.0,images/139251159.png
549,1.0,images/139251160.png
550,1.0,images/139251161.png
551,1.0,images/139251162.png
552,1.0,images/139251163.png
553,1.0,images/139251164.png
554,1.0,images/139251165.png
555,1.0,images/139251166.png
556,0.75,images/139251167.png
557,1.0,images/139251168.png
558,1.0,images/139251169.png
559,0.75,images/139251170.png
560,1.0,images/139251171.png
561,1.0,images/139251172.png
562,1.0,images/139251173.png
563,1.0,images/139251174.png
564,1.0,images/139251175.png
565,1.0,images/139251176.png
566,1.0,images/139251177.png
567,1.0,images/139251178.png
568,1.0,images/139251179.png
569,1.0,images/139251180.png
570,1.0,images/139251181.png
571,1.0,images/139251182.png
572,1.0,images/139251183.png
573,0.75,images/139251184.png
574,1.0,images/139251185.png
575,1.0,images/139251186.png
576,1.0,images/139251187.png
577,1.0,images/139251188.png
578,1.0,images/139251189.png
579,1.0,images/139251190.png
580,1.0,images/139251191.png
581,1.0,images/139251192.png
582,1.0,images/139251193.png
583,1.0,images/139251194.png
584,1.0,images/139251195.png
585,0.5,images/139251196.png
586,0.25,images/139251197.png
587,1.0,images/139251198.png
589,0.75,images/139251200.png
590,0.75,images/139251201.png
591,0.75,images/139251202.png
606,0.5,images/139251217.png
607,0.75,images/139251218.png
608,0.5,images/139251219.png
609,0.5,images/139251220.png
610,0.75,images/139251221.png
611,0.5,images/139251222.png
612,0.25,images/139251223.png
613,0.5,images/139251224.png
614,0.25,images/139251225.png
615,0.25,images/139251226.png
619,0.25,images/139251230.png
624,0.5,images/139251235.png
625,1.0,images/139251236.png
626,1.0,images/139251237.png
627,1.0,images/139251238.png
628,1.0,images/139251239.png
629,1.0,images/139251240.png
630,1.0,images/139251241.png
631,1.0,images/139251242.png
632,1.0,images/139251243.png
633,0.75,images/139251244.png
634,0.5,images/139251245.png
635,0.75,images/139251246.png
636,0.75,images/139251247.png
637,1.0,images/139251248.png
638,1.0,images/139251249.png
639,1.0,images/139251250.png
640,1.0,images/139251251.png
641,0.5,images/139251252.png
655,1.0,images/139251266.png
656,1.0,images/139251267.png
657,1.0,images/139251268.png
658,0.5,images/139251269.png
659,0.75,images/139251270.png
660,1.0,images/139251271.png
661,0.25,images/139251272.png
662,0.25,images/139251273.png
668,0.25,images/139251280.png
669,0.75,images/139251281.png
670,0.75,images/139251282.png
671,0.75,images/139251283.png
672,1.0,images/139251284.png
678,0.75,images/139251290.png
679,1.0,images/139251291.png
680,1.0,images/139251292.png
681,1.0,images/139251293.png
682,0.75,images/139251294.png
683,1.0,images/139251295.png
684,0.5,images/139251296.png
685,0.75,images/139251297.png
686,1.0,images/139251298.png
687,0.75,images/139251299.png
698,1.0,images/139251310.png
699,1.0,images/139251311.png
700,0.75,images/139251312.png
701,1.0,images/139251313.png
702,1.0,images/139251314.png
703,1.0,images/139251315.png
704,1.0,images/139251316.png
713,0.75,images/139251325.png
714,0.25,images/139251326.png
715,0.25,images/139251327.png
716,0.75,images/139251328.png
717,0.75,images/139251329.png
718,1.0,images/139251330.png
719,0.5,images/139251331.png
0,1.0,images/139254008.png
1,1.0,images/139254009.png
2,1.0,images/139254010.png
3,1.0,images/139254011.png
4,1.0,images/139254012.png
5,1.0,images/139254013.png
6,0.25,images/139254014.png
7,0.25,images/139254015.png
8,0.25,images/139254016.png
9,0.25,images/139254017.png
10,1.0,images/139254018.png
11,0.25,images/139254019.png
12,1.0,images/147063526.png
13,1.0,images/147063535.png
14,1.0,images/147063605.png
15,1.0,images/147063610.png
16,1.0,images/147063612.png
17,1.0,images/147063614.png
18,1.0,images/147063628.png
19,1.0,images/147063634.png
20,1.0,images/147063640.png
21,1.0,images/147063646.png
22,1.0,images/147063655.png
23,1.0,images/147063657.png
24,1.0,images/147063660.png
25,1.0,images/147063669.png
26,1.0,images/147063672.png
27,1.0,images/147063678.png
28,1.0,images/147063680.png
29,1.0,images/147063681.png
30,1.0,images/147063683.png
31,1.0,images/147063687.png
32,1.0,images/147063689.png
33,1.0,images/147063698.png
34,1.0,images/147063700.png
35,1.0,images/147063703.png
36,1.0,images/147063706.png
37,1.0,images/147063708.png
38,1.0,images/147063710.png
39,1.0,images/147063714.png
40,1.0,images/147063718.png
41,1.0,images/147063722.png
42,1.0,images/147063727.png
43,1.0,images/147063728.png
44,1.0,images/147063761.png
45,1.0,images/147063767.png
46,0.25,images/147063772.png
47,0.25,images/147063775.png
48,0.25,images/147063777.png
49,0.25,images/147063781.png
50,0.25,images/147063783.png
51,0.25,images/147063784.png
52,0.25,images/147063786.png
53,0.25,images/147063789.png
54,0.25,images/147063792.png
55,0.25,images/147063796.png
56,0.25,images/147063799.png
57,0.25,images/147063819.png
58,0.25,images/147063822.png
59,0.25,images/147063824.png
60,0.25,images/147063827.png
61,0.25,images/147063829.png
62,0.25,images/147063843.png
63,0.25,images/147063844.png
64,0.25,images/147063847.png
65,0.25,images/147063849.png
66,0.25,images/147063852.png
67,0.25,images/147063854.png
68,1.0,images/147063858.png
69,1.0,images/147063868.png
70,1.0,images/147063871.png
71,1.0,images/147063873.png
72,0.75,images/147063875.png
73,0.25,images/147063879.png
74,0.25,images/147063882.png
75,0.25,images/147063884.png
76,0.25,images/147063886.png
77,0.25,images/147063888.png
78,0.25,images/147063890.png
79,0.25,images/147063892.png
80,0.25,images/147063893.png
81,0.25,images/147063895.png
82,1.0,images/139254020.png
83,1.0,images/139254021.png
84,1.0,images/139254022.png
85,1.0,images/139254023.png
86,1.0,images/139254024.png
87,1.0,images/139254025.png
88,0.75,images/139254026.png
89,1.0,images/139254027.png
90,1.0,images/139254028.png
91,0.75,images/139254029.png
92,0.25,images/139254030.png
93,0.75,images/139254031.png
94,1.0,images/139254032.png
95,0.25,images/139254033.png
96,1.0,images/139254034.png
97,1.0,images/147064071.png
98,1.0,images/147064072.png
99,1.0,images/147064073.png
100,1.0,images/147064074.png
101,1.0,images/147064075.png
102,0.25,images/147064076.png
103,0.25,images/147064077.png
104,0.25,images/147064078.png
105,0.25,images/147064079.png
106,0.25,images/147064080.png
107,1.0,images/147064081.png
108,1.0,images/147064082.png
109,1.0,images/147064083.png
110,1.0,images/147064084.png
111,1.0,images/147064086.png
112,1.0,images/147064087.png
113,1.0,images/147064088.png
114,1.0,images/147064089.png
115,1.0,images/147064090.png
116,1.0,images/147064091.png
117,1.0,images/147064092.png
118,1.0,images/147064093.png
119,1.0,images/147064094.png
120,1.0,images/147064095.png
121,1.0,images/147064096.png
122,1.0,images/147064097.png
123,1.0,images/147064099.png
124,1.0,images/147064101.png
125,1.0,images/147064102.png
126,1.0,images/147064103.png
127,1.0,images/147064104.png
128,1.0,images/147064105.png
129,1.0,images/147064106.png
130,1.0,images/147064107.png
131,1.0,images/147064108.png
132,1.0,images/147064109.png
133,1.0,images/147064110.png
134,1.0,images/147064111.png
135,1.0,images/147064112.png
136,1.0,images/147064113.png
137,1.0,images/147064114.png
138,1.0,images/147064115.png
139,1.0,images/147064116.png
140,1.0,images/147064117.png
141,1.0,images/147064118.png
142,1.0,images/147064119.png
143,1.0,images/147064120.png
144,1.0,images/147064121.png
145,1.0,images/147064122.png
146,1.0,images/147064123.png
147,1.0,images/147064125.png
148,1.0,images/147064126.png
149,1.0,images/147064127.png
150,1.0,images/147064129.png
151,1.0,images/147064131.png
152,1.0,images/147064134.png
153,1.0,images/147064135.png
154,1.0,images/147064137.png
155,1.0,images/147064138.png
156,1.0,images/147064139.png
157,1.0,images/147064140.png
158,1.0,images/147064141.png
159,0.75,images/147064142.png
160,0.75,images/147064143.png
161,1.0,images/139254035.png
162,1.0,images/139254036.png
163,1.0,images/139254037.png
164,1.0,images/139254038.png
165,1.0,images/139254039.png
166,1.0,images/139254040.png
167,1.0,images/139254041.png
168,1.0,images/139254042.png
169,1.0,images/139254043.png
170,0.25,images/139254044.png
171,1.0,images/139254045.png
172,0.5,images/139254046.png
173,1.0,images/139254047.png
174,1.0,images/139254048.png
175,0.25,images/139254049.png
176,0.25,images/139254050.png
177,1.0,images/139254051.png
178,1.0,images/139254052.png
179,1.0,images/139254053.png
180,1.0,images/139254054.png
181,1.0,images/139254055.png
182,1.0,images/139254056.png
183,0.75,images/139254057.png
184,1.0,images/139254058.png
185,1.0,images/139254059.png
186,1.0,images/139254060.png
187,1.0,images/139254061.png
188,1.0,images/139254062.png
189,0.25,images/139254063.png
192,0.75,images/139254066.png
193,1.0,images/139254067.png
194,1.0,images/139254068.png
195,1.0,images/139254069.png
196,1.0,images/139254070.png
197,1.0,images/139254071.png
198,1.0,images/139254072.png
199,0.25,images/139254073.png
200,0.25,images/139254074.png
202,1.0,images/139254076.png
203,1.0,images/139254077.png
204,1.0,images/139254078.png
205,0.75,images/139254079.png
206,1.0,images/139254080.png
207,1.0,images/139254081.png
208,1.0,images/139254082.png
209,1.0,images/139254083.png
210,1.0,images/139254084.png
211,1.0,images/139254085.png
212,1.0,images/139254086.png
213,0.25,images/139254087.png
214,0.5,images/139254088.png
215,0.25,images/139254089.png
217,1.0,images/139254091.png
218,0.5,images/139254092.png
219,1.0,images/139254093.png
220,1.0,images/139254094.png
221,1.0,images/139254095.png
222,1.0,images/139254096.png
223,1.0,images/139254097.png
224,1.0,images/139254098.png
225,1.0,images/139254099.png
226,0.25,images/139254100.png
229,0.5,images/139254103.png
230,1.0,images/139254104.png
231,0.75,images/139254105.png
232,0.75,images/139254106.png
233,1.0,images/139254107.png
234,1.0,images/139254108.png
235,1.0,images/139254109.png
236,0.5,images/139254110.png
237,0.25,images/139254111.png
238,0.75,images/139254112.png
239,0.5,images/139254113.png
240,0.25,images/139254114.png
241,0.25,images/139254115.png
242,0.5,images/139254116.png
243,0.25,images/139254117.png
244,0.5,images/139254118.png
245,1.0,images/139254119.png
246,1.0,images/139254120.png
247,1.0,images/139254121.png
248,1.0,images/139254122.png
249,1.0,images/139254123.png
250,0.25,images/139254124.png
251,1.0,images/139254125.png
252,1.0,images/139254126.png
253,0.25,images/139254127.png
256,1.0,images/139254130.png
257,1.0,images/139254131.png
258,1.0,images/139254132.png
259,0.75,images/139254133.png
260,0.25,images/139254134.png
261,1.0,images/139254135.png
262,0.25,images/139254136.png
264,1.0,images/139254138.png
265,1.0,images/139254139.png
266,1.0,images/139254140.png
267,1.0,images/139254141.png
268,1.0,images/139254142.png
269,1.0,images/139254143.png
270,1.0,images/139254144.png
271,1.0,images/139254145.png
272,0.75,images/139254146.png
273,0.75,images/139254147.png
274,0.25,images/139254148.png
275,0.5,images/139254149.png
276,1.0,images/139254150.png
277,1.0,images/139254151.png
278,0.5,images/139254152.png
279,0.5,images/139254153.png
282,1.0,images/139254156.png
283,0.5,images/139254157.png
284,0.5,images/139254158.png
285,0.75,images/139254159.png
286,0.25,images/139254160.png
287,1.0,images/139254161.png
289,1.0,images/139254163.png
291,0.75,images/139254165.png
292,0.5,images/139254166.png
294,0.5,images/139254169.png
295,0.25,images/139254170.png
296,0.75,images/139254171.png
297,0.75,images/139254172.png
298,0.75,images/139254173.png
299,0.75,images/139254174.png
300,1.0,images/139254175.png
301,1.0,images/139254176.png
302,0.75,images/139254177.png
305,1.0,images/139254180.png
306,1.0,images/139254181.png
307,0.75,images/139254182.png
308,0.75,images/139254183.png
309,0.5,images/139254184.png
310,0.5,images/139254185.png
311,0.5,images/139254186.png
312,0.5,images/139254187.png
313,1.0,images/139254188.png
316,1.0,images/139254191.png
317,1.0,images/139254192.png
318,0.75,images/139254193.png
319,1.0,images/139254194.png
320,1.0,images/139254195.png
321,1.0,images/139254196.png
323,0.25,images/139254198.png
325,0.25,images/139254200.png
326,0.25,images/139254201.png
327,1.0,images/139254202.png
328,0.5,images/139254203.png
329,0.75,images/139254204.png
330,0.5,images/139254205.png
331,0.75,images/139254206.png
333,0.75,images/139254208.png
334,1.0,images/139254209.png
335,1.0,images/139254210.png
336,1.0,images/139254211.png
337,1.0,images/139254212.png
338,0.75,images/139254213.png
339,1.0,images/139254214.png
340,1.0,images/139254215.png
341,1.0,images/139254216.png
342,1.0,images/139254217.png
343,1.0,images/139254218.png
344,1.0,images/139254219.png
345,1.0,images/139254220.png
346,1.0,images/139254221.png
347,0.75,images/139254222.png
348,1.0,images/139254223.png
349,0.25,images/139254224.png
350,1.0,images/139254225.png
351,1.0,images/139254226.png
352,0.5,images/139254227.png
353,0.5,images/139254228.png
354,0.5,images/139254229.png
358,0.75,images/139254233.png
359,0.75,images/139254234.png
360,0.25,images/139254235.png
361,0.75,images/139254236.png
362,0.25,images/139254237.png
367,1.0,images/139254242.png
368,0.5,images/139254243.png
369,0.75,images/139254244.png
370,1.0,images/139254245.png
371,0.75,images/139254246.png
372,0.25,images/139254247.png
374,0.75,images/139254249.png
375,1.0,images/139254250.png
376,0.5,images/139254251.png
377,0.75,images/139254252.png
378,0.5,images/139254253.png
380,1.0,images/139254255.png
381,1.0,images/139254256.png
382,1.0,images/139254257.png
383,0.5,images/139254258.png
384,0.5,images/139254259.png
385,1.0,images/139254260.png
386,0.25,images/139254261.png
387,0.75,images/139254262.png
388,0.75,images/139254263.png
389,0.75,images/139254264.png
390,0.75,images/139254265.png
391,0.75,images/139254266.png
392,0.25,images/139254267.png
395,1.0,images/139254271.png
396,1.0,images/139254272.png
397,1.0,images/139254273.png
398,1.0,images/139254274.png
399,1.0,images/139254275.png
400,1.0,images/139254276.png
401,1.0,images/139254277.png
402,1.0,images/139254278.png
403,1.0,images/139254279.png
404,1.0,images/139254280.png
405,0.25,images/139254281.png
406,0.5,images/139254282.png
407,1.0,images/139254283.png
408,0.75,images/139254284.png
409,0.5,images/139254285.png
410,0.25,images/139254286.png
411,0.75,images/139254287.png
412,0.25,images/139254288.png
415,0.25,images/139254291.png
416,1.0,images/139254292.png
417,1.0,images/139254293.png
418,1.0,images/139254294.png
419,0.25,images/139254295.png
422,0.25,images/139254298.png
423,1.0,images/139254299.png
424,0.75,images/139254300.png
425,0.75,images/139254301.png
427,1.0,images/139254303.png
428,0.75,images/139254304.png
429,0.25,images/139254305.png
430,0.25,images/139254306.png
431,0.75,images/139254307.png
432,0.75,images/139254308.png
433,0.25,images/139254309.png
434,0.75,images/139254310.png
440,0.25,images/139254316.png
441,0.5,images/139254317.png
442,0.25,images/139254318.png
443,0.5,images/139254319.png
444,1.0,images/139254320.png
445,1.0,images/139254321.png
447,1.0,images/139254323.png
448,1.0,images/139254324.png
449,1.0,images/139254325.png
450,1.0,images/139254326.png
451,1.0,images/139254327.png
452,1.0,images/139254328.png
453,0.5,images/139254329.png
454,0.25,images/139254330.png
455,0.75,images/139254331.png
456,1.0,images/139254332.png
457,1.0,images/139254333.png
458,1.0,images/139254334.png
459,1.0,images/139254335.png
460,0.5,images/139254336.png
462,1.0,images/139254338.png
463,1.0,images/139254339.png
464,1.0,images/139254340.png
465,1.0,images/139254341.png
466,1.0,images/139254342.png
467,1.0,images/139254343.png
468,0.25,images/139254344.png
469,0.25,images/139254345.png
470,1.0,images/139254346.png
471,1.0,images/139254347.png
472,0.25,images/139254348.png
473,0.25,images/139254349.png
474,0.25,images/139254350.png
475,0.25,images/139254351.png
477,1.0,images/139254354.png
478,1.0,images/139254355.png
479,1.0,images/139254356.png
480,0.25,images/139254357.png
483,1.0,images/139254360.png
486,1.0,images/139254363.png
487,1.0,images/139254364.png
488,1.0,images/139254365.png
489,0.75,images/139254366.png
490,1.0,images/139254367.png
491,1.0,images/139254368.png
492,1.0,images/139254369.png
493,0.75,images/139254370.png
494,1.0,images/139254371.png
495,1.0,images/139254372.png
496,1.0,images/139254373.png
497,1.0,images/139254374.png
498,0.75,images/139254375.png
499,0.25,images/139254376.png
500,1.0,images/139254377.png
501,1.0,images/139254378.png
502,1.0,images/139254379.png
503,1.0,images/139254380.png
504,0.25,images/139254381.png
506,1.0,images/139254383.png
507,1.0,images/139254384.png
508,1.0,images/139254385.png
509,1.0,images/139254386.png
510,1.0,images/139254387.png
511,1.0,images/139254388.png
512,1.0,images/139254389.png
513,1.0,images/139254390.png
514,1.0,images/139254391.png
515,1.0,images/139254392.png
516,1.0,images/139254393.png
517,1.0,images/139254394.png
518,0.75,images/139254395.png
519,0.25,images/139254396.png
523,1.0,images/139254400.png
524,0.75,images/139254401.png
525,0.5,images/139254402.png
526,0.5,images/139254403.png
527,0.25,images/139254404.png
528,0.25,images/139254405.png
529,0.5,images/139254406.png
530,0.25,images/139254407.png
532,1.0,images/139254409.png
533,1.0,images/139254410.png
534,1.0,images/139254411.png
535,1.0,images/139254412.png
536,0.75,images/139254413.png
537,1.0,images/139254414.png
538,1.0,images/139254415.png
539,1.0,images/139254416.png
540,1.0,images/139254417.png
541,1.0,images/139254418.png
542,1.0,images/139254419.png
543,0.75,images/139254420.png
544,0.75,images/139254421.png
545,0.25,images/139254422.png
546,0.5,images/139254423.png
547,0.5,images/139254424.png
548,0.75,images/139254425.png
549,0.75,images/139254426.png
550,0.5,images/139254427.png
553,1.0,images/139254430.png
554,0.75,images/139254431.png
555,1.0,images/139254432.png
556,1.0,images/139254433.png
557,1.0,images/139254434.png
558,1.0,images/139254435.png
559,1.0,images/139254436.png
560,1.0,images/139254437.png
561,1.0,images/139254438.png
562,1.0,images/139254439.png
563,0.25,images/139254440.png
564,1.0,images/139254441.png
565,0.75,images/139254442.png
566,1.0,images/139254443.png
567,0.25,images/139254444.png
568,0.75,images/139254445.png
570,1.0,images/139254447.png
571,1.0,images/139254448.png
572,1.0,images/139254449.png
573,1.0,images/139254450.png
574,1.0,images/139254451.png
575,0.75,images/139254452.png
576,1.0,images/139254453.png
577,1.0,images/139254454.png
578,0.75,images/139254455.png
581,0.5,images/139254458.png
582,0.25,images/139254459.png
583,0.75,images/139254460.png
584,0.75,images/139254461.png
585,0.5,images/139254462.png
586,0.25,images/139254463.png
588,1.0,images/139254465.png
589,1.0,images/139254466.png
590,1.0,images/139254467.png
591,1.0,images/139254468.png
592,1.0,images/139254469.png
593,1.0,images/139254470.png
594,1.0,images/139254471.png
595,1.0,images/139254472.png
596,1.0,images/139254473.png
597,1.0,images/139254474.png
598,1.0,images/139254475.png
599,0.75,images/139254476.png
601,0.5,images/139254478.png
602,0.75,images/139254479.png
603,0.5,images/139254480.png
604,0.25,images/139254481.png
605,0.75,images/139254482.png
606,0.25,images/139254483.png
608,1.0,images/139254485.png
609,0.75,images/139254486.png
610,0.75,images/139254487.png
611,1.0,images/139254488.png
612,0.75,images/139254489.png
613,1.0,images/139254490.png
614,1.0,images/139254491.png
616,0.5,images/139254493.png
617,1.0,images/139254494.png
618,1.0,images/139254495.png
619,0.5,images/139254496.png
620,0.25,images/139254497.png
622,1.0,images/139254499.png
623,1.0,images/139254500.png
624,1.0,images/139254501.png
625,1.0,images/139254502.png
626,0.75,images/139254503.png
628,1.0,images/139254505.png
629,1.0,images/139254506.png
630,1.0,images/139254507.png
631,0.5,images/139254508.png
632,0.5,images/139254509.png
633,0.75,images/139254510.png
634,0.5,images/139254511.png
635,0.5,images/139254512.png
636,0.25,images/139254513.png
637,1.0,images/139254514.png
638,1.0,images/139254515.png
639,1.0,images/139254516.png
640,1.0,images/139254517.png
641,1.0,images/139254518.png
642,1.0,images/139254519.png
643,1.0,images/139254520.png
644,1.0,images/139254521.png
645,0.25,images/139254522.png
646,0.25,images/139254523.png
647,1.0,images/139254524.png
648,1.0,images/139254525.png
649,1.0,images/139254526.png
650,0.75,images/139254527.png
651,0.25,images/139254528.png
652,0.25,images/139254529.png
653,0.5,images/139254530.png
654,0.25,images/139254531.png
656,1.0,images/139254533.png
657,1.0,images/139254534.png
658,1.0,images/139254535.png
659,1.0,images/139254536.png
660,0.75,images/139254537.png
661,1.0,images/139254538.png
662,1.0,images/139254539.png
663,1.0,images/139254540.png
664,1.0,images/139254541.png
665,1.0,images/139254542.png
666,0.25,images/139254543.png
667,1.0,images/139254544.png
668,0.25,images/139254545.png
671,0.5,images/139254548.png
673,0.75,images/139254550.png
674,1.0,images/139254551.png
675,1.0,images/139254552.png
676,0.25,images/139254553.png
677,0.25,images/139254554.png
